pm_name,pm_leagues,pm_team_ids,pm_aliases,status,included_in_aliases,sofascore_team_id,sofascore_name,query,matched_leagues,current_leagues,evidence_url,note
1. FC Heidenheim 1846,bundesliga,101138,Heidenheim,verified_competition,true,5885,1. FC Heidenheim,1. FC Heidenheim,bundesliga,,https://api.sofascore.com/api/v1/unique-tournament/35/season/52608/teams,Name/PM alias matched within Sofascore competition participants
1. FC Köln,bundesliga;uel,114294;147618,Köln,verified_competition,true,2671,1. FC Köln,1. FC Köln,bundesliga;uel,bundesliga,https://api.sofascore.com/api/v1/unique-tournament/35/season/37166/teams,Name/PM alias matched within Sofascore competition participants
1. FC Slovácko,uel,148198,,verified_competition,true,4871,1. FC Slovácko,1. FC Slovácko,uel,,https://api.sofascore.com/api/v1/unique-tournament/679/season/44509/teams,Name/PM alias matched within Sofascore competition participants
1. FC Union Berlin,bundesliga;ucl;uel,101139;147568;148103,FC Union,verified_competition,true,2547,1. FC Union Berlin,1. FC Union Berlin,bundesliga;ucl;uel,bundesliga,https://api.sofascore.com/api/v1/unique-tournament/35/season/37166/teams,Name/PM alias matched within Sofascore competition participants
1. FSV Mainz 05,bundesliga;uel,101132;147617,Mainz,verified_competition,true,2556,1. FSV Mainz 05,1. FSV Mainz 05,bundesliga;uel,bundesliga,https://api.sofascore.com/api/v1/unique-tournament/35/season/37166/teams,Name/PM alias matched within Sofascore competition participants
AA Ponte Preta,brazil-serie-a,119075,Ponte Preta,verified_competition,true,1969,Ponte Preta,Ponte Preta,brazil-serie-a,,https://api.sofascore.com/api/v1/search/all?q=AA+Ponte+Preta&page=0,Reviewed name variant + API identity
Aarhus GF,ucl;uel,3281854;148153,,verified_competition,true,1291,AGF,AGF,ucl;uel,ucl;uel,https://api.sofascore.com/api/v1/unique-tournament/679/season/29343/teams,Reviewed name variant + API identity
Aberdeen FC,uel,147727,,verified_competition,true,2355,Aberdeen,Aberdeen,uel,,https://api.sofascore.com/api/v1/unique-tournament/679/season/10391/teams,Name/PM alias matched within Sofascore competition participants
AC Goianiense,brazil-serie-a,119096,Atlético Goianiense,verified_competition,true,7314,Atlético Goianiense,Atlético Goianiense,brazil-serie-a,,https://api.sofascore.com/api/v1/unique-tournament/325/season/13100/teams,Name/PM alias matched within Sofascore competition participants
AC Juvenes/Dogana,uel,147728,,verified_competition,true,24045,AC Juvenes / Dogana,AC Juvenes / Dogana,uel,,https://api.sofascore.com/api/v1/unique-tournament/679/season/10391/teams,Name/PM alias matched within Sofascore competition participants
AC Milan,sea;ucl;uel,101113;147420;147710,AC Milan,verified_competition,true,2692,AC Milan,AC Milan,sea;ucl;uel,sea;uel,https://api.sofascore.com/api/v1/unique-tournament/23/season/37475/teams,Name/PM alias matched within Sofascore competition participants
AC Monza,sea,101112,Monza,verified_competition,true,2729,Monza,Monza,sea,sea,https://api.sofascore.com/api/v1/unique-tournament/23/season/42415/teams,Name/PM alias matched within Sofascore competition participants
AC Sparta Praha,ucl;uel,147343;147629,,verified_competition,true,2218,AC Sparta Praha,AC Sparta Praha,ucl;uel,ucl;uel,https://api.sofascore.com/api/v1/unique-tournament/679/season/10391/teams,Name/PM alias matched within Sofascore competition participants
AC Virtus,ucl,147599,,verified_competition,true,36261,SS Virtus,SS Virtus,ucl,,https://api.sofascore.com/api/v1/unique-tournament/7/season/61644/teams,Name/PM alias matched within Sofascore competition participants
ACF Fiorentina,sea;uel,101110;147711,Fiorentina,verified_competition,true,2693,Fiorentina,Fiorentina,sea;uel,sea,https://api.sofascore.com/api/v1/unique-tournament/23/season/37475/teams,Name/PM alias matched within Sofascore competition participants
AE Lemesoú,uel,147987,,verified_competition,true,3407,AEL Limassol,AEL Limassol,uel,,https://api.sofascore.com/api/v1/unique-tournament/679/season/13416/teams,Reviewed name variant + API identity
AEK,ucl;uel,147535;147963,,verified_competition,true,3250,AEK Athens,AEK Athens,ucl;uel,ucl,https://api.sofascore.com/api/v1/unique-tournament/679/season/11774/teams,Name/PM alias matched within Sofascore competition participants
AEK Lárnakas,ucl;uel,147428;147729,AEK Larnaka,verified_competition,true,3404,AEK Larnaca,AEK Larnaca,ucl;uel,,https://api.sofascore.com/api/v1/search/all?q=AEK+L%C3%A1rnakas&page=0,Reviewed name variant + API identity
AFC Ajax,ucl;uel,147344;147630,,verified_competition,true,2953,AFC Ajax,AFC Ajax,ucl;uel,,https://api.sofascore.com/api/v1/unique-tournament/679/season/10391/teams,Name/PM alias matched within Sofascore competition participants
AFC Astra Giurgiu,ucl;uel,147431;147732,,verified_competition,true,3288,Astra Giurgiu,Astra Giurgiu,ucl;uel,,https://api.sofascore.com/api/v1/unique-tournament/679/season/10391/teams,Name/PM alias matched within Sofascore competition participants
AFC Bournemouth,epl;uel,100010;3288538,Bournemouth,verified_competition,true,60,Bournemouth,Bournemouth,epl;uel,epl;uel,https://api.sofascore.com/api/v1/unique-tournament/17/season/41886/teams,Name/PM alias matched within Sofascore competition participants
Afghanistan,fifa-friendly,114936,,verified_competition,true,4689,Afghanistan,Afghanistan,fifa-friendly,fifa-friendly,https://api.sofascore.com/api/v1/unique-tournament/851/season/35187/teams,Name/PM alias matched within Sofascore competition participants
AGS Astéras Trípolis,uel,147855,,verified_competition,true,6342,Asteras Aktor,Asteras Aktor,uel,,https://api.sofascore.com/api/v1/unique-tournament/679/season/10391/teams,Reviewed name variant + API identity
AIK Fotboll,ucl;uel,147432;147733,,verified_competition,true,1764,AIK,AIK,ucl;uel,,https://api.sofascore.com/api/v1/unique-tournament/679/season/10391/teams,Name/PM alias matched within Sofascore competition participants
Airbus UK Broughton FC,uel,147734,,verified_competition,true,4907,Airbus UK Broughton,Airbus UK Broughton,uel,,https://api.sofascore.com/api/v1/unique-tournament/679/season/10391/teams,Name/PM alias matched within Sofascore competition participants
AJ Auxerre,ligue-1,114303,Auxerre,verified_competition,true,1646,Auxerre,Auxerre,ligue-1,ligue-1,https://api.sofascore.com/api/v1/unique-tournament/34/season/37167/teams,Name/PM alias matched within Sofascore competition participants
Akademisk BK,uel,148047,,needs_review,false,,,,,,https://api.sofascore.com/api/v1/search/all?q=Akademisk+BK&page=0,Search returns several Akademisk/AB records; requires country or fixture evidence.
Akhisarspor,uel,148053,,verified_competition,true,24748,Akhisarspor,Akhisarspor,uel,,https://api.sofascore.com/api/v1/unique-tournament/679/season/17352/teams,Name/PM alias matched within Sofascore competition participants
Alanyaspor,uel,148178,,verified_competition,true,6362,Alanyaspor,Alanyaspor,uel,,https://api.sofascore.com/api/v1/unique-tournament/679/season/29343/teams,Name/PM alias matched within Sofascore competition participants
Alashkert FA,ucl;uel,147433;147735,,verified_competition,true,67966,FC Alashkert,FC Alashkert,ucl;uel,,https://api.sofascore.com/api/v1/unique-tournament/679/season/10391/teams,Name/PM alias matched within Sofascore competition participants
Albania,fifa-friendly,114842,,verified_competition,true,4690,Albania,Albania,fifa-friendly,fifa-friendly,https://api.sofascore.com/api/v1/unique-tournament/851/season/35187/teams,Name/PM alias matched within Sofascore competition participants
Algeria,fifa-friendly,114871,,verified_competition,true,4691,Algeria,Algeria,fifa-friendly,fifa-friendly,https://api.sofascore.com/api/v1/unique-tournament/851/season/35187/teams,Name/PM alias matched within Sofascore competition participants
American Samoa,fifa-friendly,114937,,verified_national_identity,true,23476,American Samoa,American Samoa,,,https://api.sofascore.com/api/v1/search/all?q=American+Samoa&page=0,Reviewed name variant + API identity; no membership evidence in the six checked friendly seasons
América FC,brazil-serie-a,119076,América Mineiro,verified_competition,true,1973,América Mineiro,América Mineiro,brazil-serie-a,,https://api.sofascore.com/api/v1/unique-tournament/325/season/11429/teams,Name/PM alias matched within Sofascore competition participants
Andorra,fifa-friendly,114896,,verified_competition,true,4818,Andorra,Andorra,fifa-friendly,fifa-friendly,https://api.sofascore.com/api/v1/unique-tournament/851/season/35187/teams,Name/PM alias matched within Sofascore competition participants
Angers SCO,ligue-1,114302,Angers,verified_competition,true,1684,Angers,Angers,ligue-1,ligue-1,https://api.sofascore.com/api/v1/unique-tournament/34/season/37167/teams,Name/PM alias matched within Sofascore competition participants
Angola,fifa-friendly,114938,,verified_competition,true,4692,Angola,Angola,fifa-friendly,fifa-friendly,https://api.sofascore.com/api/v1/unique-tournament/851/season/40241/teams,Name/PM alias matched within Sofascore competition participants
Anguilla,fifa-friendly,114939,,verified_competition,true,21804,Anguilla,Anguilla,fifa-friendly,fifa-friendly,https://api.sofascore.com/api/v1/unique-tournament/851/season/69578/teams,Name/PM alias matched within Sofascore competition participants
Antigua and Barbuda,fifa-friendly,114940,,verified_competition,true,21805,Antigua and Barbuda,Antigua and Barbuda,fifa-friendly,,https://api.sofascore.com/api/v1/unique-tournament/851/season/69578/events/last/0,Name/PM alias matched within Sofascore competition participants
Anórthosis Ammochóstou,uel,148054,,verified_competition,true,3403,Anorthosis Famagusta,Anorthosis Famagusta,uel,,https://api.sofascore.com/api/v1/unique-tournament/679/season/17352/teams,Reviewed name variant + API identity
AP Brera Strumica,uel,148111,,verified_competition,true,226868,AP Brera Strumica,AP Brera Strumica,uel,,https://api.sofascore.com/api/v1/unique-tournament/679/season/23755/teams,Name/PM alias matched within Sofascore competition participants
APS Atrómitos Athinón,uel,147851,,verified_competition,true,5062,APS Atromitos Athinon,APS Atromitos Athinon,uel,,https://api.sofascore.com/api/v1/unique-tournament/679/season/10391/teams,Name/PM alias matched within Sofascore competition participants
APÓEL,ucl;uel,147345;147631,,verified_competition,true,3398,APOEL Nicosia,APOEL Nicosia,ucl;uel,,https://api.sofascore.com/api/v1/unique-tournament/679/season/10391/teams,Name/PM alias matched within Sofascore competition participants
Apóllon Lemesoú,ucl;uel,147435;147737,,verified_competition,true,3402,Apollon Limassol,Apollon Limassol,ucl;uel,,https://api.sofascore.com/api/v1/unique-tournament/679/season/10391/teams,Reviewed name variant + API identity
Aqtöbe FK,uel,147778,,verified_competition,true,5355,FK Aktobe,FK Aktobe,uel,,https://api.sofascore.com/api/v1/search/all?q=Aqt%C3%B6be+FK&page=0,Reviewed name variant + API identity
Ararat-Armenia FA,ucl;uel,147573;148120,,verified_competition,true,262229,FC Ararat-Armenia,FC Ararat-Armenia,ucl;uel,ucl;uel,https://api.sofascore.com/api/v1/unique-tournament/679/season/23755/teams,Name/PM alias matched within Sofascore competition participants
Argentina,fifa-friendly,114826,,verified_competition,true,4819,Argentina,Argentina,fifa-friendly,fifa-friendly,https://api.sofascore.com/api/v1/unique-tournament/851/season/40241/teams,Name/PM alias matched within Sofascore competition participants
Arka Gdynia,uel,148027,,verified_competition,true,5064,Arka Gdynia,Arka Gdynia,uel,,https://api.sofascore.com/api/v1/unique-tournament/679/season/13416/teams,Name/PM alias matched within Sofascore competition participants
Armenia,fifa-friendly,114897,,verified_competition,true,4740,Armenia,Armenia,fifa-friendly,fifa-friendly,https://api.sofascore.com/api/v1/unique-tournament/851/season/35187/teams,Name/PM alias matched within Sofascore competition participants
Arsenal FC,epl;ucl;uel,100005;147325;147606,Arsenal,verified_competition,true,42,Arsenal,Arsenal,epl;ucl;uel,epl;ucl,https://api.sofascore.com/api/v1/unique-tournament/17/season/37036/teams,Name/PM alias matched within Sofascore competition participants
Aruba,fifa-friendly,114941,,verified_competition,true,21806,Aruba,Aruba,fifa-friendly,fifa-friendly,https://api.sofascore.com/api/v1/unique-tournament/851/season/69578/teams,Name/PM alias matched within Sofascore competition participants
AS La Jeunesse d'Esch,uel,147918,,verified_competition,true,5383,Jeunesse Esch,Jeunesse Esch,uel,,https://api.sofascore.com/api/v1/search/all?q=AS+La+Jeunesse+d%27Esch&page=0,Reviewed name variant + API identity
AS Monaco FC,ligue-1;ucl;uel,114312;147346;147632,Monaco,verified_competition,true,1653,AS Monaco,AS Monaco,ligue-1;ucl;uel,ligue-1,https://api.sofascore.com/api/v1/unique-tournament/34/season/37167/teams,Name/PM alias matched within Sofascore competition participants
AS Omónoia Leukosías,ucl;uel,147436;147738,,verified_competition,true,3395,Omonia Nicosia,Omonia Nicosia,ucl;uel,ucl;uel,https://api.sofascore.com/api/v1/unique-tournament/679/season/10391/teams,Reviewed name variant + API identity
AS Roma,sea;ucl;uel,101127;147347;147633,Roma,verified_competition,true,2702,AS Roma,AS Roma,sea;ucl;uel,sea;ucl,https://api.sofascore.com/api/v1/unique-tournament/23/season/37475/teams,Name/PM alias matched within Sofascore competition participants
AS Saint-Étienne,ligue-1;uel,3276325;147739,Saint-Etienne,verified_competition,true,1678,Saint-Étienne,Saint-Étienne,ligue-1;uel,,https://api.sofascore.com/api/v1/unique-tournament/34/season/37167/teams,Name/PM alias matched within Sofascore competition participants
AS Trenčín,ucl;uel,147371;147657,,verified_competition,true,2398,AS Trenčín,AS Trenčín,ucl;uel,,https://api.sofascore.com/api/v1/unique-tournament/679/season/11774/teams,Name/PM alias matched within Sofascore competition participants
AS Áris Thessaloníkis,uel,148115,,verified_competition,true,3252,Aris Thessaloniki,Aris Thessaloniki,uel,,https://api.sofascore.com/api/v1/unique-tournament/679/season/23755/teams,Reviewed name variant + API identity
ASA 2013 Târgu Mureș,uel,147740,,verified_competition,true,24804,ASA Târgu Mureş,ASA Târgu Mureş,uel,,https://api.sofascore.com/api/v1/unique-tournament/679/season/10391/teams,Name/PM alias matched within Sofascore competition participants
Associação Chapecoense de Futebol,brazil-serie-a,119080,Chapecoense,verified_competition,true,21845,Chapecoense,Chapecoense,brazil-serie-a,brazil-serie-a,https://api.sofascore.com/api/v1/unique-tournament/325/season/10173/teams,Name/PM alias matched within Sofascore competition participants
Astana FK,ucl;uel,147373;147659,,verified_competition,true,36155,Astana,Astana,ucl;uel,,https://api.sofascore.com/api/v1/unique-tournament/679/season/11774/teams,Name/PM alias matched within Sofascore competition participants
Aston Villa FC,epl;ucl;uel,100009;147326;147607,Villa,verified_competition,true,40,Aston Villa,Aston Villa,epl;ucl;uel,epl;ucl,https://api.sofascore.com/api/v1/unique-tournament/17/season/37036/teams,Name/PM alias matched within Sofascore competition participants
Atalanta BC,sea;ucl;uel,101116;147421;147712,Atalanta,verified_competition,true,2686,Atalanta,Atalanta,sea;ucl;uel,sea,https://api.sofascore.com/api/v1/unique-tournament/23/season/37475/teams,Name/PM alias matched within Sofascore competition participants
Athletic Club,la-liga;ucl;uel,101047;147416;147700,Athletic;Athletic Bilbao,verified_competition,true,2825,Athletic Club,Athletic Club,la-liga;ucl;uel,la-liga,https://api.sofascore.com/api/v1/unique-tournament/679/season/10391/teams,Name/PM alias matched within Sofascore competition participants
Atlanta United FC,mls,115075,Atlanta,verified_competition,true,243211,Atlanta United,Atlanta United,mls,mls,https://api.sofascore.com/api/v1/unique-tournament/242/season/35964/teams,Name/PM alias matched within Sofascore competition participants
Atlante FC,mex,3280985,,verified_competition,true,1943,Atlante FC,Atlante FC,mex,mex,https://api.sofascore.com/api/v1/unique-tournament/11620/season/3400/teams,Name/PM alias matched within Sofascore competition participants
Atlas FC,mex,115314,Atlas,verified_competition,true,1949,Atlas FC,Atlas FC,mex,mex,https://api.sofascore.com/api/v1/unique-tournament/11620/season/10355/teams,Name/PM alias matched within Sofascore competition participants
Atlétic Club d'Escaldes,ucl,147593,,verified_competition,true,37962,Atlètic Club Escaldes,Atlètic Club Escaldes,ucl,,https://api.sofascore.com/api/v1/search/all?q=Atl%C3%A9tic+Club+d%27Escaldes&page=0,Reviewed name variant + API identity
Atlético San Luis,mex,115335,Atlético San Luis,verified_competition,true,1950,Atlético San Luis,Atlético San Luis,mex,mex,https://api.sofascore.com/api/v1/unique-tournament/11620/season/26789/teams,Name/PM alias matched within Sofascore competition participants
Austin FC,mls,115081,Austin,verified_competition,true,377973,Austin FC,Austin FC,mls,mls,https://api.sofascore.com/api/v1/unique-tournament/242/season/35964/teams,Name/PM alias matched within Sofascore competition participants
Australia,fifa-friendly,114935,,verified_competition,true,4741,Australia,Australia,fifa-friendly,fifa-friendly,https://api.sofascore.com/api/v1/unique-tournament/851/season/40241/teams,Name/PM alias matched within Sofascore competition participants
Austria,fifa-friendly,114843,,verified_competition,true,4718,Austria,Austria,fifa-friendly,fifa-friendly,https://api.sofascore.com/api/v1/unique-tournament/851/season/35187/teams,Name/PM alias matched within Sofascore competition participants
Avaí FC,brazil-serie-a,119097,Avaí,verified_competition,true,7315,Avaí,Avaí,brazil-serie-a,,https://api.sofascore.com/api/v1/unique-tournament/325/season/10173/teams,Name/PM alias matched within Sofascore competition participants
AZ,ucl;uel,147425;147719,,verified_competition,true,2950,AZ Alkmaar,AZ Alkmaar,ucl;uel,uel,https://api.sofascore.com/api/v1/unique-tournament/679/season/10391/teams,Name/PM alias matched within Sofascore competition participants
Azerbaijan,fifa-friendly,114898,,verified_competition,true,4742,Azerbaijan,Azerbaijan,fifa-friendly,fifa-friendly,https://api.sofascore.com/api/v1/unique-tournament/851/season/35187/teams,Name/PM alias matched within Sofascore competition participants
B,uel,147748,,needs_review,false,,,,,,https://api.sofascore.com/api/v1/search/all?q=B&page=0,One-letter PM name is insufficient; Sofascore search returns HTTP 400.
B36,ucl;uel,147348;147634,,verified_competition,true,5185,B36 Tórshavn,B36 Tórshavn,ucl;uel,,https://api.sofascore.com/api/v1/search/all?q=B36&page=0,Reviewed name variant + API identity
Bahamas,fifa-friendly,114942,,verified_competition,true,21807,Bahamas,Bahamas,fifa-friendly,fifa-friendly,https://api.sofascore.com/api/v1/unique-tournament/851/season/69578/teams,Name/PM alias matched within Sofascore competition participants
Bahrain,fifa-friendly,114944,,verified_competition,true,5161,Bahrain,Bahrain,fifa-friendly,fifa-friendly,https://api.sofascore.com/api/v1/unique-tournament/851/season/35187/teams,Name/PM alias matched within Sofascore competition participants
Bala Town FC,uel,147741,,verified_competition,true,36255,Bala Town,Bala Town,uel,,https://api.sofascore.com/api/v1/unique-tournament/679/season/10391/teams,Name/PM alias matched within Sofascore competition participants
Ballymena United FC,uel,147990,,verified_competition,true,5269,Ballymena United,Ballymena United,uel,,https://api.sofascore.com/api/v1/unique-tournament/679/season/13416/teams,Name/PM alias matched within Sofascore competition participants
Balzan FC,uel,147743,,verified_competition,true,38304,Balzan F.C.,Balzan F.C.,uel,,https://api.sofascore.com/api/v1/unique-tournament/679/season/10391/teams,Name/PM alias matched within Sofascore competition participants
Bangladesh,fifa-friendly,114945,,verified_competition,true,6080,Bangladesh,Bangladesh,fifa-friendly,fifa-friendly,https://api.sofascore.com/api/v1/unique-tournament/851/season/35187/teams,Name/PM alias matched within Sofascore competition participants
Bangor City FC,uel,147992,,verified_competition,true,4908,Bangor City,Bangor City,uel,,https://api.sofascore.com/api/v1/unique-tournament/679/season/13416/teams,Name/PM alias matched within Sofascore competition participants
Barbados,fifa-friendly,114946,,verified_competition,true,21808,Barbados,Barbados,fifa-friendly,fifa-friendly,https://api.sofascore.com/api/v1/unique-tournament/851/season/40241/teams,Name/PM alias matched within Sofascore competition participants
Barry Town United AFC,uel,148122,,verified_competition,true,35186,Barry Town,Barry Town,uel,,https://api.sofascore.com/api/v1/unique-tournament/679/season/23755/teams,Reviewed name variant + API identity
Bayer 04 Leverkusen,bundesliga;ucl;uel,101255;147334;147619,Leverkusen;Bayer Leverkusen,verified_competition,true,2681,Bayer 04 Leverkusen,Bayer 04 Leverkusen,bundesliga;ucl;uel,bundesliga;uel,https://api.sofascore.com/api/v1/unique-tournament/35/season/37166/teams,Name/PM alias matched within Sofascore competition participants
Belarus,fifa-friendly,114900,,verified_competition,true,4743,Belarus,Belarus,fifa-friendly,fifa-friendly,https://api.sofascore.com/api/v1/unique-tournament/851/season/35187/teams,Name/PM alias matched within Sofascore competition participants
Belgium,fifa-friendly,114844,,verified_competition,true,4717,Belgium,Belgium,fifa-friendly,fifa-friendly,https://api.sofascore.com/api/v1/unique-tournament/851/season/35187/teams,Name/PM alias matched within Sofascore competition participants
Belize,fifa-friendly,114947,,verified_competition,true,21809,Belize,Belize,fifa-friendly,fifa-friendly,https://api.sofascore.com/api/v1/unique-tournament/851/season/40241/teams,Name/PM alias matched within Sofascore competition participants
Benin,fifa-friendly,114948,,verified_competition,true,4744,Benin,Benin,fifa-friendly,fifa-friendly,https://api.sofascore.com/api/v1/unique-tournament/851/season/35187/teams,Name/PM alias matched within Sofascore competition participants
Bermuda,fifa-friendly,114949,,verified_competition,true,4745,Bermuda,Bermuda,fifa-friendly,fifa-friendly,https://api.sofascore.com/api/v1/unique-tournament/851/season/57198/teams,Name/PM alias matched within Sofascore competition participants
Beşiktaş JK,ucl;uel,147437;147745,,verified_competition,true,3050,Beşiktaş JK,Beşiktaş JK,ucl;uel,uel,https://api.sofascore.com/api/v1/unique-tournament/679/season/10391/teams,Name/PM alias matched within Sofascore competition participants
Bhutan,fifa-friendly,114950,,verified_competition,true,191564,Bhutan,Bhutan,fifa-friendly,fifa-friendly,https://api.sofascore.com/api/v1/unique-tournament/851/season/47776/teams,Name/PM alias matched within Sofascore competition participants
Birkirkara FC,uel,147746,,verified_competition,true,5330,Birkirkara FC,Birkirkara FC,uel,,https://api.sofascore.com/api/v1/unique-tournament/679/season/10391/teams,Name/PM alias matched within Sofascore competition participants
BK Häcken,ucl;uel,147518;147919,,verified_competition,true,1760,BK Häcken,BK Häcken,ucl;uel,,https://api.sofascore.com/api/v1/unique-tournament/679/season/11774/teams,Name/PM alias matched within Sofascore competition participants
Bohemian FC,uel,148164,,verified_competition,true,3173,Bohemian FC,Bohemian FC,uel,,https://api.sofascore.com/api/v1/unique-tournament/679/season/29343/teams,Name/PM alias matched within Sofascore competition participants
Bolivia,fifa-friendly,114827,,verified_competition,true,4746,Bolivia,Bolivia,fifa-friendly,fifa-friendly,https://api.sofascore.com/api/v1/unique-tournament/851/season/35187/teams,Name/PM alias matched within Sofascore competition participants
Bologna FC 1909,sea;ucl;uel,101121;147422;147713,Bologna,verified_competition,true,2685,Bologna,Bologna,sea;ucl;uel,sea,https://api.sofascore.com/api/v1/unique-tournament/23/season/37475/teams,Name/PM alias matched within Sofascore competition participants
Bonaire,fifa-friendly,115047,,verified_competition,true,180236,Bonaire,Bonaire,fifa-friendly,fifa-friendly,https://api.sofascore.com/api/v1/unique-tournament/851/season/57198/teams,Name/PM alias matched within Sofascore competition participants
Borussia Mönchengladbach,bundesliga;ucl;uel,101141;147335;147620,Gladbach,verified_competition,true,2527,Borussia M'gladbach,Borussia M'gladbach,bundesliga;ucl;uel,bundesliga,https://api.sofascore.com/api/v1/search/all?q=Borussia+M%C3%B6nchengladbach&page=0,Reviewed name variant + API identity
Bosnia and Herzegovina,fifa-friendly,114901,Bosnia-Herzegovina,verified_competition,true,4479,Bosnia & Herzegovina,Bosnia & Herzegovina,fifa-friendly,fifa-friendly,https://api.sofascore.com/api/v1/unique-tournament/851/season/35187/teams,Name/PM alias matched within Sofascore competition participants
Botafogo FR,brazil-serie-a,119077,Botafogo,verified_competition,true,1958,Botafogo,Botafogo,brazil-serie-a,brazil-serie-a,https://api.sofascore.com/api/v1/unique-tournament/325/season/11429/teams,Name/PM alias matched within Sofascore competition participants
Botswana,fifa-friendly,114951,,verified_competition,true,4747,Botswana,Botswana,fifa-friendly,fifa-friendly,https://api.sofascore.com/api/v1/unique-tournament/851/season/40241/teams,Name/PM alias matched within Sofascore competition participants
Brazil,fifa-friendly,114828,,verified_competition,true,4748,Brazil,Brazil,fifa-friendly,fifa-friendly,https://api.sofascore.com/api/v1/unique-tournament/851/season/40241/teams,Name/PM alias matched within Sofascore competition participants
Brentford FC,epl,100008,Brentford,verified_competition,true,50,Brentford,Brentford,epl,epl,https://api.sofascore.com/api/v1/unique-tournament/17/season/37036/teams,Name/PM alias matched within Sofascore competition participants
Brighton & Hove Albion FC,epl;uel,100015;147983,Brighton,verified_competition,true,30,Brighton & Hove Albion,Brighton & Hove Albion,epl;uel,epl,https://api.sofascore.com/api/v1/unique-tournament/17/season/37036/teams,Name/PM alias matched within Sofascore competition participants
British Virgin Islands,fifa-friendly,114952,,verified_competition,true,21810,British Virgin Islands,British Virgin Islands,fifa-friendly,fifa-friendly,https://api.sofascore.com/api/v1/unique-tournament/851/season/69578/teams,Name/PM alias matched within Sofascore competition participants
Brunei Darussalam,fifa-friendly,114953,,verified_competition,true,23491,Brunei Darussalam,Brunei Darussalam,fifa-friendly,,https://api.sofascore.com/api/v1/unique-tournament/851/season/40241/teams,Name/PM alias matched within Sofascore competition participants
Brøndby IF,ucl;uel,147438;147747,,verified_competition,true,1281,Brøndby IF,Brøndby IF,ucl;uel,,https://api.sofascore.com/api/v1/unique-tournament/679/season/10391/teams,Name/PM alias matched within Sofascore competition participants
BSC Young Boys,ucl;uel,147349;147635,,verified_competition,true,2445,BSC Young Boys,BSC Young Boys,ucl;uel,,https://api.sofascore.com/api/v1/unique-tournament/679/season/10391/teams,Name/PM alias matched within Sofascore competition participants
Budapest Honvéd FC,ucl;uel,147540;147986,,verified_competition,true,1916,Kispest Honvéd FC,Kispest Honvéd FC,ucl;uel,,https://api.sofascore.com/api/v1/unique-tournament/679/season/17352/teams,Name/PM alias matched within Sofascore competition participants
Bulgaria,fifa-friendly,114902,,verified_competition,true,4716,Bulgaria,Bulgaria,fifa-friendly,fifa-friendly,https://api.sofascore.com/api/v1/unique-tournament/851/season/35187/teams,Name/PM alias matched within Sofascore competition participants
Burkina Faso,fifa-friendly,114872,,verified_competition,true,4749,Burkina Faso,Burkina Faso,fifa-friendly,fifa-friendly,https://api.sofascore.com/api/v1/unique-tournament/851/season/35187/teams,Name/PM alias matched within Sofascore competition participants
Burnley FC,epl;uel,114265;147894,Burnley,verified_competition,true,6,Burnley,Burnley,epl;uel,,https://api.sofascore.com/api/v1/unique-tournament/17/season/37036/teams,Name/PM alias matched within Sofascore competition participants
Burundi,fifa-friendly,3273583,,verified_competition,true,4750,Burundi,Burundi,fifa-friendly,fifa-friendly,https://api.sofascore.com/api/v1/unique-tournament/851/season/35187/teams,Name/PM alias matched within Sofascore competition participants
BV Borussia 09 Dortmund,bundesliga;ucl;uel,101135;147336;147621,Dortmund;Borussia Dortmund,verified_competition,true,2673,Borussia Dortmund,Borussia Dortmund,bundesliga;ucl;uel,bundesliga;ucl,https://api.sofascore.com/api/v1/unique-tournament/35/season/37166/teams,Name/PM alias matched within Sofascore competition participants
CA Mineiro,brazil-serie-a,119078,Atlético Mineiro,verified_competition,true,1977,Atlético Mineiro,Atlético Mineiro,brazil-serie-a,brazil-serie-a,https://api.sofascore.com/api/v1/unique-tournament/325/season/10173/teams,Name/PM alias matched within Sofascore competition participants
CA Morelia,mex,115315,Morelia,needs_review,false,,,,,,https://api.sofascore.com/api/v1/search/all?q=CA+Morelia&page=0,Historical Morelia/Mazatlán record and current Atlético Morelia are distinct IDs; requires fixture evidence.
CA Osasuna,la-liga,101036,Osasuna,verified_competition,true,2820,Osasuna,Osasuna,la-liga,la-liga,https://api.sofascore.com/api/v1/unique-tournament/8/season/37223/teams,Name/PM alias matched within Sofascore competition participants
CA Paranaense,brazil-serie-a,119079,Athletico Paranaense,verified_competition,true,1967,Athletico,Athletico,brazil-serie-a,brazil-serie-a,https://api.sofascore.com/api/v1/search/all?q=Athletico+Paranaense&page=0,Reviewed name variant + API identity
Cabo Verde,fifa-friendly,114890,,verified_competition,true,4753,Cabo Verde,Cabo Verde,fifa-friendly,fifa-friendly,https://api.sofascore.com/api/v1/unique-tournament/851/season/35187/teams,Name/PM alias matched within Sofascore competition participants
Cagliari Calcio,sea,101126,Cagliari,verified_competition,true,2719,Cagliari,Cagliari,sea,sea,https://api.sofascore.com/api/v1/unique-tournament/23/season/37475/teams,Name/PM alias matched within Sofascore competition participants
Cambodia,fifa-friendly,114956,,verified_competition,true,7929,Cambodia,Cambodia,fifa-friendly,fifa-friendly,https://api.sofascore.com/api/v1/unique-tournament/851/season/40241/teams,Name/PM alias matched within Sofascore competition participants
Cameroon,fifa-friendly,114873,,verified_competition,true,4751,Cameroon,Cameroon,fifa-friendly,,https://api.sofascore.com/api/v1/unique-tournament/851/season/35187/teams,Name/PM alias matched within Sofascore competition participants
Canada,fifa-friendly,114865,,verified_competition,true,4752,Canada,Canada,fifa-friendly,fifa-friendly,https://api.sofascore.com/api/v1/unique-tournament/851/season/40241/teams,Name/PM alias matched within Sofascore competition participants
Cardiff Metropolitan University FC,uel,148121,,verified_competition,true,167106,Cardiff Met FC,Cardiff Met FC,uel,,https://api.sofascore.com/api/v1/search/all?q=Cardiff+Metropolitan+University+FC&page=0,Reviewed name variant + API identity
Cayman Islands,fifa-friendly,114957,,verified_competition,true,21811,Cayman Islands,Cayman Islands,fifa-friendly,fifa-friendly,https://api.sofascore.com/api/v1/unique-tournament/851/season/57198/teams,Name/PM alias matched within Sofascore competition participants
CD Guadalajara,mex,115316,Guadalajara,verified_competition,true,1938,CD Guadalajara,CD Guadalajara,mex,mex,https://api.sofascore.com/api/v1/unique-tournament/11620/season/10355/teams,Name/PM alias matched within Sofascore competition participants
CD Leganés,la-liga,101039,Leganés,verified_competition,true,2845,Leganés,Leganés,la-liga,,https://api.sofascore.com/api/v1/unique-tournament/8/season/61643/teams,Name/PM alias matched within Sofascore competition participants
CD Tiburones Rojos de Veracruz,mex,115317,Veracruz,verified_competition,true,1942,Veracruz,Veracruz,mex,,https://api.sofascore.com/api/v1/search/all?q=CD+Tiburones+Rojos+de+Veracruz&page=0,Reviewed name variant + API identity
CDF Benfica,uel,147972,,needs_review,false,,,,,,https://api.sofascore.com/api/v1/search/all?q=CDF+Benfica&page=0,No result for full PM name; do not substitute SL Benfica without identity evidence.
Ceará SC,brazil-serie-a,119100,Ceará,verified_competition,true,2001,Ceará,Ceará,brazil-serie-a,,https://api.sofascore.com/api/v1/unique-tournament/325/season/16183/teams,Name/PM alias matched within Sofascore competition participants
Cefn Druids AFC,uel,148055,,verified_competition,true,4917,Cefn Druids,Cefn Druids,uel,,https://api.sofascore.com/api/v1/unique-tournament/679/season/17352/teams,Name/PM alias matched within Sofascore competition participants
Celtic FC,ucl;uel,147350;147636,Celtic,verified_competition,true,2352,Celtic,Celtic,ucl;uel,ucl;uel,https://api.sofascore.com/api/v1/unique-tournament/679/season/10391/teams,Name/PM alias matched within Sofascore competition participants
Central African Republic,fifa-friendly,114958,,verified_competition,true,23470,Central African Republic,Central African Republic,fifa-friendly,fifa-friendly,https://api.sofascore.com/api/v1/unique-tournament/851/season/35187/teams,Name/PM alias matched within Sofascore competition participants
Cercle Brugge KSV,uel,148212,,verified_competition,true,2929,Cercle Brugge,Cercle Brugge,uel,,https://api.sofascore.com/api/v1/search/all?q=Cercle+Brugge+KSV&page=0,Reviewed name variant + API identity
CF América,mex,115318,América,verified_competition,true,1939,Club América,Club América,mex,mex,https://api.sofascore.com/api/v1/unique-tournament/11620/season/10355/teams,Name/PM alias matched within Sofascore competition participants
CF Cruz Azul,mex,115326,Cruz Azul,verified_competition,true,1947,Cruz Azul,Cruz Azul,mex,mex,https://api.sofascore.com/api/v1/unique-tournament/11620/season/10355/teams,Name/PM alias matched within Sofascore competition participants
CF Lobos de la BUAP,mex,115334,Lobos BUAP,verified_competition,true,36530,Lobos BUAP,Lobos BUAP,mex,,https://api.sofascore.com/api/v1/search/all?q=Lobos+BUAP&page=0,Reviewed name variant + API identity
CF Monterrey,mex,115320,Monterrey,verified_competition,true,1932,CF Monterrey,CF Monterrey,mex,mex,https://api.sofascore.com/api/v1/unique-tournament/11620/season/10355/teams,Name/PM alias matched within Sofascore competition participants
CF Montréal,mls,115062,Montréal,verified_competition,true,22006,CF Montréal,CF Montréal,mls,mls,https://api.sofascore.com/api/v1/unique-tournament/242/season/35964/teams,Name/PM alias matched within Sofascore competition participants
CF Pachuca,mex,115321,Pachuca,verified_competition,true,1936,CF Pachuca,CF Pachuca,mex,mex,https://api.sofascore.com/api/v1/unique-tournament/11620/season/10355/teams,Name/PM alias matched within Sofascore competition participants
Chad,fifa-friendly,114959,,verified_competition,true,8039,Chad,Chad,fifa-friendly,,https://api.sofascore.com/api/v1/search/all?q=CSA&page=0,Name/PM alias matched within Sofascore competition participants
Charlotte FC,mls,115082,Charlotte,verified_competition,true,404108,Charlotte FC,Charlotte FC,mls,mls,https://api.sofascore.com/api/v1/unique-tournament/242/season/35964/teams,Name/PM alias matched within Sofascore competition participants
Chelsea FC,epl;ucl;uel,100014;147327;147608,Chelsea,verified_competition,true,38,Chelsea,Chelsea,epl;ucl;uel,epl,https://api.sofascore.com/api/v1/unique-tournament/17/season/37036/teams,Name/PM alias matched within Sofascore competition participants
Chiapas FC,mex,115322,Chiapas,needs_review,false,,,,,,https://api.sofascore.com/api/v1/search/all?q=Chiapas+FC&page=0,Search returns Jaguares and other Chiapas clubs; historical identity requires review.
Chicago Fire FC,mls,115055,Chicago Fire,verified_competition,true,2505,Chicago Fire,Chicago Fire,mls,mls,https://api.sofascore.com/api/v1/unique-tournament/242/season/35964/teams,Name/PM alias matched within Sofascore competition participants
Chile,fifa-friendly,114829,,verified_competition,true,4754,Chile,Chile,fifa-friendly,fifa-friendly,https://api.sofascore.com/api/v1/search/all?q=K%C3%8D&page=0,Name/PM alias matched within Sofascore competition participants
China PR,fifa-friendly,114960,,verified_competition,true,4755,China,China,fifa-friendly,fifa-friendly,https://api.sofascore.com/api/v1/search/all?q=China&page=0,Reviewed name variant + API identity
Chinese Taipei,fifa-friendly,114961,,verified_competition,true,5937,Chinese Taipei,Chinese Taipei,fifa-friendly,,https://api.sofascore.com/api/v1/search/all?q=China&page=0,Name/PM alias matched within Sofascore competition participants
Cliftonville FC,uel,147921,,verified_competition,true,5181,Cliftonville FC,Cliftonville FC,uel,,https://api.sofascore.com/api/v1/unique-tournament/679/season/11774/teams,Name/PM alias matched within Sofascore competition participants
Club Atlético de Madrid,la-liga;ucl;uel,101043;147351;147637,Atlético;Atletico Madrid,verified_competition,true,2836,Atlético Madrid,Atlético Madrid,la-liga;ucl;uel,la-liga;ucl,https://api.sofascore.com/api/v1/unique-tournament/679/season/13416/teams,Name/PM alias matched within Sofascore competition participants
Club Brugge KV,ucl;uel,147352;147638,Club Brugge,verified_competition,true,2888,Club Brugge KV,Club Brugge KV,ucl;uel,ucl,https://api.sofascore.com/api/v1/unique-tournament/679/season/10391/teams,Name/PM alias matched within Sofascore competition participants
Club León FC,mex,115323,León,verified_competition,true,36534,Club León,Club León,mex,mex,https://api.sofascore.com/api/v1/unique-tournament/11620/season/10355/teams,Name/PM alias matched within Sofascore competition participants
Club Necaxa,mex,115333,Necaxa,verified_competition,true,1944,Club Necaxa,Club Necaxa,mex,mex,https://api.sofascore.com/api/v1/unique-tournament/11620/season/19778/teams,Name/PM alias matched within Sofascore competition participants
Club Puebla,mex,115329,Puebla,verified_competition,true,1941,Club Puebla,Club Puebla,mex,mex,https://api.sofascore.com/api/v1/unique-tournament/11620/season/10355/teams,Name/PM alias matched within Sofascore competition participants
Club Santos Laguna,mex,115324,Santos Laguna,verified_competition,true,1948,Santos Laguna,Santos Laguna,mex,mex,https://api.sofascore.com/api/v1/unique-tournament/11620/season/10355/teams,Name/PM alias matched within Sofascore competition participants
Club Tijuana,mex,115325,Tijuana,verified_competition,true,36525,Club Tijuana,Club Tijuana,mex,mex,https://api.sofascore.com/api/v1/unique-tournament/11620/season/10355/teams,Name/PM alias matched within Sofascore competition participants
Clube do Remo,brazil-serie-a,229047,Remo,verified_competition,true,2012,Remo,Remo,brazil-serie-a,brazil-serie-a,https://api.sofascore.com/api/v1/unique-tournament/325/season/87678/events/last/0,Name/PM alias matched within Sofascore competition participants
Coleraine FC,uel,147994,,verified_competition,true,5270,Coleraine FC,Coleraine FC,uel,,https://api.sofascore.com/api/v1/unique-tournament/679/season/13416/teams,Name/PM alias matched within Sofascore competition participants
Colombia,fifa-friendly,114830,,verified_competition,true,4820,Colombia,Colombia,fifa-friendly,fifa-friendly,https://api.sofascore.com/api/v1/unique-tournament/851/season/40241/teams,Name/PM alias matched within Sofascore competition participants
Colorado Rapids SC,mls,115056,Rapids,verified_competition,true,2510,Colorado Rapids,Colorado Rapids,mls,mls,https://api.sofascore.com/api/v1/unique-tournament/242/season/35964/teams,Name/PM alias matched within Sofascore competition participants
Columbus Crew,mls,115057,Crew,verified_competition,true,2504,Columbus Crew,Columbus Crew,mls,mls,https://api.sofascore.com/api/v1/unique-tournament/242/season/35964/teams,Name/PM alias matched within Sofascore competition participants
Como 1907,sea;ucl,101119;3287085,Como,verified_competition,true,2704,Como,Como,sea;ucl,sea;ucl,https://api.sofascore.com/api/v1/unique-tournament/23/season/63515/teams,Name/PM alias matched within Sofascore competition participants
Comoros,fifa-friendly,114962,,verified_competition,true,23494,Comoros,Comoros,fifa-friendly,fifa-friendly,https://api.sofascore.com/api/v1/unique-tournament/851/season/35187/teams,Name/PM alias matched within Sofascore competition participants
Congo,fifa-friendly,114891,,verified_competition,true,8040,Congo Republic,Congo Republic,fifa-friendly,,https://api.sofascore.com/api/v1/search/all?q=Congo&page=0,Reviewed name variant + API identity
Connah's Quay Nomads FC,ucl;uel,147524;147941,,verified_competition,true,4912,Connah's Quay Nomads,Connah's Quay Nomads,ucl;uel,,https://api.sofascore.com/api/v1/unique-tournament/679/season/11774/teams,Name/PM alias matched within Sofascore competition participants
Cook Islands,fifa-friendly,114963,,verified_competition,true,23475,Cook Islands,Cook Islands,fifa-friendly,,https://api.sofascore.com/api/v1/unique-tournament/851/season/47776/teams,Name/PM alias matched within Sofascore competition participants
Coritiba FBC,brazil-serie-a,119081,Coritiba,verified_competition,true,1982,Coritiba,Coritiba,brazil-serie-a,brazil-serie-a,https://api.sofascore.com/api/v1/unique-tournament/325/season/10173/teams,Name/PM alias matched within Sofascore competition participants
Cork City FC,ucl;uel,147439;147749,,verified_competition,true,40896,Cork City,Cork City,ucl;uel,,https://api.sofascore.com/api/v1/unique-tournament/679/season/10391/teams,Name/PM alias matched within Sofascore competition participants
Costa Rica,fifa-friendly,114831,,verified_competition,true,4756,Costa Rica,Costa Rica,fifa-friendly,fifa-friendly,https://api.sofascore.com/api/v1/unique-tournament/851/season/35187/teams,Name/PM alias matched within Sofascore competition participants
Coventry City FC,epl,3284766,,verified_competition,true,11,Coventry City,Coventry City,epl,epl,https://api.sofascore.com/api/v1/unique-tournament/17/season/96668/events/last/0,Name/PM alias matched within Sofascore competition participants
CR Flamengo,brazil-serie-a,119082,Flamengo,verified_competition,true,5981,Flamengo,Flamengo,brazil-serie-a,brazil-serie-a,https://api.sofascore.com/api/v1/unique-tournament/325/season/10173/teams,Name/PM alias matched within Sofascore competition participants
CR Vasco da Gama,brazil-serie-a,119098,Vasco da Gama,verified_competition,true,1974,Vasco da Gama,Vasco da Gama,brazil-serie-a,brazil-serie-a,https://api.sofascore.com/api/v1/unique-tournament/325/season/10173/teams,Name/PM alias matched within Sofascore competition participants
Criciúma EC,brazil-serie-a,119108,Criciúma,verified_competition,true,1984,Criciúma,Criciúma,brazil-serie-a,,https://api.sofascore.com/api/v1/unique-tournament/325/season/58766/teams,Name/PM alias matched within Sofascore competition participants
Croatia,fifa-friendly,114845,,verified_competition,true,4715,Croatia,Croatia,fifa-friendly,fifa-friendly,https://api.sofascore.com/api/v1/unique-tournament/851/season/35187/teams,Name/PM alias matched within Sofascore competition participants
Crusaders FC,ucl;uel,147353;147639,,verified_competition,true,5180,Crusaders FC,Crusaders FC,ucl;uel,,https://api.sofascore.com/api/v1/unique-tournament/679/season/13416/teams,Name/PM alias matched within Sofascore competition participants
Cruzeiro EC,brazil-serie-a,119083,Cruzeiro,verified_competition,true,1954,Cruzeiro,Cruzeiro,brazil-serie-a,brazil-serie-a,https://api.sofascore.com/api/v1/unique-tournament/325/season/10173/teams,Name/PM alias matched within Sofascore competition participants
Crystal Palace FC,epl;uel,100006;147609,Palace,verified_competition,true,7,Crystal Palace,Crystal Palace,epl;uel,epl;uel,https://api.sofascore.com/api/v1/unique-tournament/17/season/37036/teams,Name/PM alias matched within Sofascore competition participants
CS Alagoano,brazil-serie-a,119102,CSA,verified_competition,true,2010,CSA,CSA,brazil-serie-a,,https://api.sofascore.com/api/v1/search/all?q=CS+Alagoano&page=0,Reviewed name variant + API identity
CS Alliance Dudelange,uel,148102,,needs_review,false,,,,,,https://api.sofascore.com/api/v1/search/all?q=CS+Alliance+Dudelange&page=0,No search result; do not substitute F91 Dudelange.
CS Fola Esch,ucl;uel,147354;147640,,verified_competition,true,25929,CS Fola Esch,CS Fola Esch,ucl;uel,,https://api.sofascore.com/api/v1/unique-tournament/679/season/11774/teams,Name/PM alias matched within Sofascore competition participants
CS Marítimo,uel,147995,,verified_competition,true,3007,CS Marítimo,CS Marítimo,uel,,https://api.sofascore.com/api/v1/unique-tournament/679/season/13416/teams,Name/PM alias matched within Sofascore competition participants
CS Pandurii Târgu-Jiu,uel,147922,,verified_competition,true,5336,FC Pandurii Lignitul Târgu Jiu,FC Pandurii Lignitul Târgu Jiu,uel,,https://api.sofascore.com/api/v1/unique-tournament/679/season/11774/teams,Name/PM alias matched within Sofascore competition participants
CSF Speranţa Nisporeni,uel,148106,,verified_competition,true,43902,CSF Speranța Nisporeni,CSF Speranța Nisporeni,uel,,https://api.sofascore.com/api/v1/unique-tournament/679/season/23755/teams,Name/PM alias matched within Sofascore competition participants
CSM Politehnica Iași,uel,147923,,verified_competition,true,44319,ACSM Politehnica Iași,ACSM Politehnica Iași,uel,,https://api.sofascore.com/api/v1/search/all?q=CSM+Politehnica+Ia%C8%99i&page=0,Reviewed name variant + API identity
Cuba,fifa-friendly,114866,,verified_competition,true,4824,Cuba,Cuba,fifa-friendly,fifa-friendly,https://api.sofascore.com/api/v1/unique-tournament/851/season/35187/teams,Name/PM alias matched within Sofascore competition participants
Cuiabá EC,brazil-serie-a,119106,Cuiabá,verified_competition,true,49202,Cuiabá,Cuiabá,brazil-serie-a,,https://api.sofascore.com/api/v1/unique-tournament/325/season/36166/teams,Name/PM alias matched within Sofascore competition participants
Curaçao,fifa-friendly,114887,,verified_competition,true,55827,Curaçao,Curaçao,fifa-friendly,fifa-friendly,https://api.sofascore.com/api/v1/search/all?q=K%C3%8D&page=0,Name/PM alias matched within Sofascore competition participants
Cyprus,fifa-friendly,114903,,verified_competition,true,4482,Cyprus,Cyprus,fifa-friendly,fifa-friendly,https://api.sofascore.com/api/v1/search/all?q=K%C3%8D&page=0,Name/PM alias matched within Sofascore competition participants
Czechia,fifa-friendly,114846,,verified_competition,true,4714,Czechia,Czechia,fifa-friendly,fifa-friendly,https://api.sofascore.com/api/v1/unique-tournament/851/season/35187/teams,Name/PM alias matched within Sofascore competition participants
Côte d'Ivoire,fifa-friendly,114875,,verified_competition,true,4768,Côte d'Ivoire,Côte d'Ivoire,fifa-friendly,fifa-friendly,https://api.sofascore.com/api/v1/unique-tournament/851/season/35187/teams,Name/PM alias matched within Sofascore competition participants
D.C. United SC,mls,115058,DC United,verified_competition,true,2502,DC United,DC United,mls,mls,https://api.sofascore.com/api/v1/unique-tournament/242/season/35964/teams,Name/PM alias matched within Sofascore competition participants
Debreceni VSC,uel,147750,,verified_competition,true,1921,Debreceni VSC,Debreceni VSC,uel,,https://api.sofascore.com/api/v1/unique-tournament/679/season/10391/teams,Name/PM alias matched within Sofascore competition participants
Denmark,fifa-friendly,114904,,verified_competition,true,4476,Denmark,Denmark,fifa-friendly,fifa-friendly,https://api.sofascore.com/api/v1/unique-tournament/851/season/35187/teams,Name/PM alias matched within Sofascore competition participants
Deportivo Alavés,la-liga,101029,Alavés,verified_competition,true,2885,Deportivo Alavés,Deportivo Alavés,la-liga,la-liga,https://api.sofascore.com/api/v1/unique-tournament/8/season/37223/teams,Name/PM alias matched within Sofascore competition participants
Deportivo Toluca FC,mex,115327,Toluca,verified_competition,true,1931,CD Toluca,CD Toluca,mex,mex,https://api.sofascore.com/api/v1/unique-tournament/11620/season/10355/teams,Name/PM alias matched within Sofascore competition participants
Derry City FC,uel,147997,,verified_competition,true,3170,Derry City,Derry City,uel,uel,https://api.sofascore.com/api/v1/unique-tournament/679/season/13416/teams,Name/PM alias matched within Sofascore competition participants
Dinamo 1948,uel,148002,,verified_competition,true,3292,FC Dinamo București,FC Dinamo București,uel,,https://api.sofascore.com/api/v1/search/all?q=Dinamo+1948&page=0,Reviewed name variant + API identity
Djibouti,fifa-friendly,114964,,verified_competition,true,8042,Djibouti,Djibouti,fifa-friendly,,https://api.sofascore.com/api/v1/unique-tournament/851/season/35187/teams,Name/PM alias matched within Sofascore competition participants
Djurgårdens IF FF,ucl;uel,147558;148058,,verified_competition,true,1759,Djurgårdens IF,Djurgårdens IF,ucl;uel,,https://api.sofascore.com/api/v1/unique-tournament/679/season/17352/teams,Name/PM alias matched within Sofascore competition participants
Djurgårdsbrunns FC,uel,148101,,needs_review,false,,,,,,https://api.sofascore.com/api/v1/search/all?q=Djurg%C3%A5rdsbrunns+FC&page=0,No search result; do not substitute Djurgårdens IF.
Dominica,fifa-friendly,114965,,verified_competition,true,21812,Dominica,Dominica,fifa-friendly,fifa-friendly,https://api.sofascore.com/api/v1/unique-tournament/851/season/69578/teams,Name/PM alias matched within Sofascore competition participants
Dominican Republic,fifa-friendly,114966,,verified_competition,true,21813,Dominican Republic,Dominican Republic,fifa-friendly,fifa-friendly,https://api.sofascore.com/api/v1/unique-tournament/851/season/35187/teams,Name/PM alias matched within Sofascore competition participants
Dorados de Sinaloa,mex,115328,Dorados,verified_competition,true,5291,Dorados de Sinaloa,Dorados de Sinaloa,mex,,https://api.sofascore.com/api/v1/search/all?q=Dorados&page=0,Reviewed name variant + API identity
DR Congo,fifa-friendly,114874,,verified_competition,true,4823,DR Congo,DR Congo,fifa-friendly,fifa-friendly,https://api.sofascore.com/api/v1/search/all?q=Congo&page=0,Name/PM alias matched within Sofascore competition participants
Dundalk FC,ucl;uel,147355;147641,,verified_competition,true,3179,Dundalk FC,Dundalk FC,ucl;uel,,https://api.sofascore.com/api/v1/unique-tournament/679/season/11774/teams,Name/PM alias matched within Sofascore competition participants
EC Bahia,brazil-serie-a,119099,Bahia,verified_competition,true,1955,Bahia,Bahia,brazil-serie-a,brazil-serie-a,https://api.sofascore.com/api/v1/unique-tournament/325/season/13100/teams,Name/PM alias matched within Sofascore competition participants
EC Juventude,brazil-serie-a,119107,Juventude,verified_competition,true,1980,Juventude,Juventude,brazil-serie-a,,https://api.sofascore.com/api/v1/unique-tournament/325/season/36166/teams,Name/PM alias matched within Sofascore competition participants
EC Vitória,brazil-serie-a,119084,Vitória,verified_competition,true,1962,Vitória,Vitória,brazil-serie-a,brazil-serie-a,https://api.sofascore.com/api/v1/unique-tournament/325/season/11429/teams,Name/PM alias matched within Sofascore competition participants
Ecuador,fifa-friendly,114832,,verified_competition,true,4757,Ecuador,Ecuador,fifa-friendly,fifa-friendly,https://api.sofascore.com/api/v1/unique-tournament/851/season/35187/teams,Name/PM alias matched within Sofascore competition participants
Egypt,fifa-friendly,114876,,verified_competition,true,4758,Egypt,Egypt,fifa-friendly,fifa-friendly,https://api.sofascore.com/api/v1/unique-tournament/851/season/35187/teams,Name/PM alias matched within Sofascore competition participants
Eintracht Frankfurt,bundesliga;ucl;uel,101143;147337;147622,Frankfurt,verified_competition,true,2674,Eintracht Frankfurt,Eintracht Frankfurt,bundesliga;ucl;uel,bundesliga,https://api.sofascore.com/api/v1/unique-tournament/35/season/37166/teams,Name/PM alias matched within Sofascore competition participants
El Salvador,fifa-friendly,114867,,verified_competition,true,4825,El Salvador,El Salvador,fifa-friendly,fifa-friendly,https://api.sofascore.com/api/v1/unique-tournament/851/season/35187/teams,Name/PM alias matched within Sofascore competition participants
Elche CF,la-liga,114297,Elche,verified_competition,true,2846,Elche,Elche,la-liga,la-liga,https://api.sofascore.com/api/v1/unique-tournament/8/season/37223/teams,Name/PM alias matched within Sofascore competition participants
Empoli FC,sea,101128,Empoli,verified_competition,true,2705,Empoli,Empoli,sea,,https://api.sofascore.com/api/v1/unique-tournament/23/season/37475/teams,Name/PM alias matched within Sofascore competition participants
England,fifa-friendly,114825,,verified_competition,true,4713,England,England,fifa-friendly,fifa-friendly,https://api.sofascore.com/api/v1/unique-tournament/851/season/35187/teams,Name/PM alias matched within Sofascore competition participants
Equatorial Guinea,fifa-friendly,114892,,verified_competition,true,8032,Equatorial Guinea,Equatorial Guinea,fifa-friendly,fifa-friendly,https://api.sofascore.com/api/v1/unique-tournament/851/season/40241/teams,Name/PM alias matched within Sofascore competition participants
Eritrea,fifa-friendly,114967,,verified_competition,true,8041,Eritrea,Eritrea,fifa-friendly,,https://api.sofascore.com/api/v1/unique-tournament/851/season/69578/teams,Name/PM alias matched within Sofascore competition participants
Ertis FK,uel,148012,,verified_competition,true,5365,Irtysh Pavlodar,Irtysh Pavlodar,uel,,https://api.sofascore.com/api/v1/unique-tournament/679/season/13416/teams,Reviewed name variant + API identity
ES Troyes AC,ligue-1,3284805,,verified_competition,true,1652,Troyes,Troyes,ligue-1,ligue-1,https://api.sofascore.com/api/v1/unique-tournament/34/season/37167/teams,Name/PM alias matched within Sofascore competition participants
Esbjerg fB,uel,148107,,verified_competition,true,1287,Esbjerg FB,Esbjerg FB,uel,,https://api.sofascore.com/api/v1/unique-tournament/679/season/23755/teams,Name/PM alias matched within Sofascore competition participants
Estonia,fifa-friendly,114905,,verified_competition,true,4759,Estonia,Estonia,fifa-friendly,fifa-friendly,https://api.sofascore.com/api/v1/unique-tournament/851/season/35187/teams,Name/PM alias matched within Sofascore competition participants
Eswatini,fifa-friendly,115031,,verified_competition,true,4733,Eswatini,Eswatini,fifa-friendly,,https://api.sofascore.com/api/v1/unique-tournament/851/season/47776/teams,Name/PM alias matched within Sofascore competition participants
Ethiopia,fifa-friendly,114968,,verified_competition,true,8036,Ethiopia,Ethiopia,fifa-friendly,fifa-friendly,https://api.sofascore.com/api/v1/unique-tournament/851/season/40241/teams,Name/PM alias matched within Sofascore competition participants
ETO FC,ucl,3280494,,verified_competition,true,1923,ETO FC Győr,ETO FC Győr,ucl,ucl,https://api.sofascore.com/api/v1/search/all?q=ETO+FC&page=0,Reviewed name variant + API identity
Europa FC,ucl;uel,147440;147751,,verified_competition,true,126298,Europa FC,Europa FC,ucl;uel,,https://api.sofascore.com/api/v1/unique-tournament/679/season/10391/teams,Name/PM alias matched within Sofascore competition participants
Everton FC,epl;uel,100013;147610,Everton,verified_competition,true,48,Everton,Everton,epl;uel,epl,https://api.sofascore.com/api/v1/unique-tournament/17/season/37036/teams,Name/PM alias matched within Sofascore competition participants
F91 Diddeleng,ucl;uel,147441;147752,,verified_competition,true,5207,F91 Dudelange,F91 Dudelange,ucl;uel,,https://api.sofascore.com/api/v1/unique-tournament/679/season/10391/teams,Reviewed name variant + API identity
F91 Diddeleng U19,uel,148137,,needs_review,false,,,,,,https://api.sofascore.com/api/v1/search/all?q=F91+Diddeleng+U19&page=0,Explicit youth team; do not alias to senior F91 Dudelange.
Faroe Islands,fifa-friendly,114906,,verified_competition,true,4760,Faroe Islands,Faroe Islands,fifa-friendly,fifa-friendly,https://api.sofascore.com/api/v1/unique-tournament/851/season/35187/teams,Name/PM alias matched within Sofascore competition participants
FC Admira Wacker,uel,147924,,verified_competition,true,2050,Admira Wacker,Admira Wacker,uel,,https://api.sofascore.com/api/v1/unique-tournament/679/season/11774/teams,Name/PM alias matched within Sofascore competition participants
FC Arouca,uel,147925,,verified_competition,true,25777,FC Arouca,FC Arouca,uel,,https://api.sofascore.com/api/v1/unique-tournament/679/season/11774/teams,Name/PM alias matched within Sofascore competition participants
FC Atert Bissen,ucl,3280493,,verified_competition,true,38989,Atert Bissen,Atert Bissen,ucl,ucl,https://api.sofascore.com/api/v1/unique-tournament/7/season/96518/teams,Name/PM alias matched within Sofascore competition participants
FC Augsburg,bundesliga;uel,101137;147623,Augsburg,verified_competition,true,2600,FC Augsburg,FC Augsburg,bundesliga;uel,bundesliga,https://api.sofascore.com/api/v1/unique-tournament/35/season/37166/teams,Name/PM alias matched within Sofascore competition participants
FC Ballkani,ucl,147590,,verified_competition,true,230417,KF Ballkani,KF Ballkani,ucl,,https://api.sofascore.com/api/v1/unique-tournament/7/season/41897/teams,Name/PM alias matched within Sofascore competition participants
FC Baník Ostrava,uel,148222,,verified_competition,true,2204,Baník Ostrava,Baník Ostrava,uel,,https://api.sofascore.com/api/v1/unique-tournament/679/season/2765/teams,Name/PM alias matched within Sofascore competition participants
FC Barcelona,la-liga;ucl;uel,101042;147356;147642,Barcelona,verified_competition,true,2817,FC Barcelona,FC Barcelona,la-liga;ucl;uel,la-liga;ucl,https://api.sofascore.com/api/v1/unique-tournament/679/season/37725/teams,Name/PM alias matched within Sofascore competition participants
FC Basel 1893,ucl;uel,147357;147643,,verified_competition,true,2501,Basel,Basel,ucl;uel,,https://api.sofascore.com/api/v1/unique-tournament/679/season/10391/teams,Name/PM alias matched within Sofascore competition participants
FC Bayern München,bundesliga;ucl,101129;147338,Bayern;FC Bayern München,verified_competition,true,2672,FC Bayern München,FC Bayern München,bundesliga;ucl,bundesliga;ucl,https://api.sofascore.com/api/v1/unique-tournament/35/season/37166/teams,Name/PM alias matched within Sofascore competition participants
FC Botoşani,uel,147766,,verified_competition,true,24798,FC Botoșani,FC Botoșani,uel,,https://api.sofascore.com/api/v1/unique-tournament/679/season/10391/teams,Name/PM alias matched within Sofascore competition participants
FC Bălți,uel,147932,,needs_review,false,353848,FC Bălți,,,,https://api.sofascore.com/api/v1/search/all?q=FC+B%C4%83l%C8%9Bi&page=0,"Identity found, but no membership in the checked seasons of its PM-listed leagues; review scope."
FC CFR 1907 Cluj,ucl;uel,147555;148052,,verified_competition,true,5287,CFR 1907 Cluj,CFR 1907 Cluj,ucl;uel,,https://api.sofascore.com/api/v1/unique-tournament/679/season/17352/teams,Name/PM alias matched within Sofascore competition participants
FC Cincinnati,mls,115078,Cincinnati,verified_competition,true,215167,FC Cincinnati,FC Cincinnati,mls,mls,https://api.sofascore.com/api/v1/unique-tournament/242/season/35964/teams,Name/PM alias matched within Sofascore competition participants
FC Corvinul 1921 Hunedoara,uel,148213,,verified_competition,true,148278,FC Corvinul Hunedoara,FC Corvinul Hunedoara,uel,,https://api.sofascore.com/api/v1/unique-tournament/679/season/61645/teams,Name/PM alias matched within Sofascore competition participants
FC DAC 1904 Dunajská Streda,uel,148060,,verified_competition,true,23833,DAC 1904,DAC 1904,uel,,https://api.sofascore.com/api/v1/search/all?q=FC+DAC+1904+Dunajsk%C3%A1+Streda&page=0,Reviewed name variant + API identity
FC Dacia Chişinău,uel,147753,,verified_competition,true,5176,Dacia Chișinău,Dacia Chișinău,uel,,https://api.sofascore.com/api/v1/unique-tournament/679/season/10391/teams,Name/PM alias matched within Sofascore competition participants
FC Dallas,mls,115059,Dallas,verified_competition,true,2512,FC Dallas,FC Dallas,mls,mls,https://api.sofascore.com/api/v1/unique-tournament/242/season/35964/teams,Name/PM alias matched within Sofascore competition participants
FC Dinamo-Auto Tiraspol,uel,148162,,verified_competition,true,43904,FC Dinamo-Auto,FC Dinamo-Auto,uel,,https://api.sofascore.com/api/v1/search/all?q=FC+Dinamo-Auto+Tiraspol&page=0,Reviewed name variant + API identity
FC Drita,ucl;uel,147554;148051,,verified_competition,true,229755,FC Drita,FC Drita,ucl;uel,ucl,https://api.sofascore.com/api/v1/unique-tournament/679/season/17352/teams,Name/PM alias matched within Sofascore competition participants
FC Déifferdeng 03,ucl;uel,147442;147754,,verified_competition,true,7605,Differdange FC 03,Differdange FC 03,ucl;uel,,https://api.sofascore.com/api/v1/unique-tournament/679/season/10391/teams,Reviewed name variant + API identity
FC Eindhoven,uel,148188,,needs_review,false,2994,FC Eindhoven,,,,https://api.sofascore.com/api/v1/search/all?q=FC+Eindhoven&page=0,"Exact Sofascore team exists (2994), distinct from PSV Eindhoven; no UEL membership evidence in checked seasons."
FC Feronikeli 74,ucl;uel,147570;148105,,verified_competition,true,229757,FC Feronikeli 74,FC Feronikeli 74,ucl;uel,,https://api.sofascore.com/api/v1/unique-tournament/679/season/23755/teams,Name/PM alias matched within Sofascore competition participants
FC Flora,ucl;uel,147447;147759,,verified_competition,true,3346,Flora Tallinn,Flora Tallinn,ucl;uel,ucl,https://api.sofascore.com/api/v1/unique-tournament/679/season/10391/teams,Name/PM alias matched within Sofascore competition participants
FC Girondins de Bordeaux,uel,147760,,verified_competition,true,1645,Bordeaux,Bordeaux,uel,,https://api.sofascore.com/api/v1/search/all?q=FC+Girondins+de+Bordeaux&page=0,Reviewed name variant + API identity
FC Groningen,uel,147720,,verified_competition,true,2951,FC Groningen,FC Groningen,uel,,https://api.sofascore.com/api/v1/unique-tournament/679/season/10391/teams,Name/PM alias matched within Sofascore competition participants
FC Honka,uel,148168,,verified_competition,true,2260,FC Honka,FC Honka,uel,,https://api.sofascore.com/api/v1/unique-tournament/679/season/2155/teams,Name/PM alias matched within Sofascore competition participants
FC Hradec Králové,uel,3281880,,verified_competition,true,2217,FC Hradec Králové,FC Hradec Králové,uel,uel,https://api.sofascore.com/api/v1/unique-tournament/679/season/96522/teams,Name/PM alias matched within Sofascore competition participants
FC Inter Turku,uel,148110,,verified_competition,true,2247,Inter Turku,Inter Turku,uel,,https://api.sofascore.com/api/v1/unique-tournament/679/season/23755/teams,Name/PM alias matched within Sofascore competition participants
FC Internazionale Milano,sea;ucl;uel,101111;147423;147714,Inter Milan;Inter,verified_competition,true,2697,Inter,Inter,sea;ucl;uel,sea;ucl,https://api.sofascore.com/api/v1/unique-tournament/23/season/37475/teams,Name/PM alias matched within Sofascore competition participants
FC Juárez,mex,115336,Juárez,verified_competition,true,201624,FC Juárez,FC Juárez,mex,mex,https://api.sofascore.com/api/v1/unique-tournament/11620/season/26789/teams,Name/PM alias matched within Sofascore competition participants
FC Koper,uel,147763,,verified_competition,true,2417,FC Koper,FC Koper,uel,,https://api.sofascore.com/api/v1/unique-tournament/679/season/10391/teams,Name/PM alias matched within Sofascore competition participants
FC København,ucl;uel,147448;147761,FC Kopenhagen,verified_competition,true,1284,FC København,FC København,ucl;uel,,https://api.sofascore.com/api/v1/unique-tournament/679/season/10391/teams,Name/PM alias matched within Sofascore competition participants
FC Lahti,uel,147762,,verified_competition,true,2249,FC Lahti,FC Lahti,uel,,https://api.sofascore.com/api/v1/unique-tournament/679/season/10391/teams,Name/PM alias matched within Sofascore competition participants
FC Lorient,ligue-1,114308,Lorient,verified_competition,true,1656,Lorient,Lorient,ligue-1,ligue-1,https://api.sofascore.com/api/v1/unique-tournament/34/season/37167/teams,Name/PM alias matched within Sofascore competition participants
FC Lugano,ucl;uel,147542;148004,,verified_competition,true,2443,FC Lugano,FC Lugano,ucl;uel,,https://api.sofascore.com/api/v1/unique-tournament/679/season/13416/teams,Name/PM alias matched within Sofascore competition participants
FC Lusitanos,uel,147764,,verified_competition,true,37947,FC Lusitanos,FC Lusitanos,uel,,https://api.sofascore.com/api/v1/unique-tournament/679/season/10391/teams,Name/PM alias matched within Sofascore competition participants
FC Luzern,uel,147928,,verified_competition,true,2453,FC Luzern,FC Luzern,uel,,https://api.sofascore.com/api/v1/unique-tournament/679/season/11774/teams,Name/PM alias matched within Sofascore competition participants
FC Metz,ligue-1,114311,Metz,verified_competition,true,1651,Metz,Metz,ligue-1,,https://api.sofascore.com/api/v1/unique-tournament/34/season/37167/teams,Name/PM alias matched within Sofascore competition participants
FC Midtjylland,ucl;uel,147361;147647,,verified_competition,true,1289,FC Midtjylland,FC Midtjylland,ucl;uel,uel,https://api.sofascore.com/api/v1/unique-tournament/679/season/10391/teams,Name/PM alias matched within Sofascore competition participants
FC Milsami Orhei,ucl;uel,147362;147648,,verified_competition,true,53475,FC Milsami Orhei,FC Milsami Orhei,ucl;uel,,https://api.sofascore.com/api/v1/unique-tournament/679/season/10391/teams,Name/PM alias matched within Sofascore competition participants
FC Nantes,ligue-1;uel,114313;147895,Nantes,verified_competition,true,1647,Nantes,Nantes,ligue-1;uel,,https://api.sofascore.com/api/v1/unique-tournament/34/season/37167/teams,Name/PM alias matched within Sofascore competition participants
FC Nordsjælland,uel,148062,,verified_competition,true,1292,FC Nordsjælland,FC Nordsjælland,uel,,https://api.sofascore.com/api/v1/unique-tournament/679/season/17352/teams,Name/PM alias matched within Sofascore competition participants
FC Petrocub Hînceşti,ucl;uel,147556;148056,,verified_competition,true,167232,FC Petrocub Hîncesti,FC Petrocub Hîncesti,ucl;uel,ucl,https://api.sofascore.com/api/v1/unique-tournament/679/season/17352/teams,Name/PM alias matched within Sofascore competition participants
FC Porto,ucl;uel,147363;147649,,verified_competition,true,3002,FC Porto,FC Porto,ucl;uel,ucl,https://api.sofascore.com/api/v1/unique-tournament/679/season/10391/teams,Name/PM alias matched within Sofascore competition participants
FC Prishtina,ucl;uel,147543;148005,,verified_competition,true,229752,FC Prishtina,FC Prishtina,ucl;uel,,https://api.sofascore.com/api/v1/unique-tournament/679/season/13416/teams,Name/PM alias matched within Sofascore competition participants
FC Progrès Niederkorn,uel,147765,,verified_competition,true,36201,Progrès Niederkorn,Progrès Niederkorn,uel,,https://api.sofascore.com/api/v1/unique-tournament/679/season/10391/teams,Name/PM alias matched within Sofascore competition participants
FC Red Bull Salzburg,ucl;uel,147365;147651,,verified_competition,true,2046,Red Bull Salzburg,Red Bull Salzburg,ucl;uel,uel,https://api.sofascore.com/api/v1/unique-tournament/679/season/10391/teams,Name/PM alias matched within Sofascore competition participants
FC Santa Coloma,ucl;uel,147366;147652,,verified_competition,true,7711,FC Santa Coloma,FC Santa Coloma,ucl;uel,,https://api.sofascore.com/api/v1/unique-tournament/679/season/17352/teams,Name/PM alias matched within Sofascore competition participants
FC Saxan Gagauz Yeri,uel,147767,,verified_competition,true,44854,Saxan Ceadir Lunga,Saxan Ceadir Lunga,uel,,https://api.sofascore.com/api/v1/unique-tournament/679/season/10391/teams,Reviewed name variant + API identity
FC Schalke 04,bundesliga;ucl;uel,3285565;147339;147624,,verified_competition,true,2530,FC Schalke 04,FC Schalke 04,bundesliga;ucl;uel,bundesliga,https://api.sofascore.com/api/v1/unique-tournament/35/season/42268/teams,Name/PM alias matched within Sofascore competition participants
FC Sfîntul Gheorghe,uel,148171,,verified_competition,true,36280,FC Sfintul Gheorghe,FC Sfintul Gheorghe,uel,,https://api.sofascore.com/api/v1/unique-tournament/679/season/29343/teams,Name/PM alias matched within Sofascore competition participants
FC Sheriff Tiraspol,ucl;uel,147449;147768,,verified_competition,true,5173,Sheriff Tiraspol,Sheriff Tiraspol,ucl;uel,uel,https://api.sofascore.com/api/v1/unique-tournament/679/season/10391/teams,Name/PM alias matched within Sofascore competition participants
FC Shkupi,ucl;uel,147560;148069,,verified_competition,true,136548,KF Shkupi,KF Shkupi,ucl;uel,,https://api.sofascore.com/api/v1/unique-tournament/679/season/17352/teams,Name/PM alias matched within Sofascore competition participants
FC Sion,uel,147769,,verified_competition,true,2452,FC Sion,FC Sion,uel,,https://api.sofascore.com/api/v1/unique-tournament/679/season/10391/teams,Name/PM alias matched within Sofascore competition participants
FC Slovan Liberec,uel,147770,,verified_competition,true,2219,FC Slovan Liberec,FC Slovan Liberec,uel,,https://api.sofascore.com/api/v1/unique-tournament/679/season/10391/teams,Name/PM alias matched within Sofascore competition participants
FC Spartak Trnava,ucl;uel,147450;147771,,verified_competition,true,2406,FC Spartak Trnava,FC Spartak Trnava,ucl;uel,,https://api.sofascore.com/api/v1/unique-tournament/679/season/10391/teams,Name/PM alias matched within Sofascore competition participants
FC St. Gallen,uel,148063,,verified_competition,true,2442,FC St. Gallen 1879,FC St. Gallen 1879,uel,uel,https://api.sofascore.com/api/v1/unique-tournament/679/season/17352/teams,Name/PM alias matched within Sofascore competition participants
FC St. Pauli 1910,bundesliga,101145,St. Pauli,verified_competition,true,2526,FC St. Pauli,FC St. Pauli,bundesliga,,https://api.sofascore.com/api/v1/unique-tournament/35/season/63516/teams,Name/PM alias matched within Sofascore competition participants
FC Struga Trim & Lum,ucl,147595,,verified_competition,true,259121,FC Struga Trim & Lum,FC Struga Trim & Lum,ucl,,https://api.sofascore.com/api/v1/unique-tournament/7/season/52162/teams,Name/PM alias matched within Sofascore competition participants
FC Swift Hesper,ucl,147596,,verified_competition,true,5382,Swift Hesperange,Swift Hesperange,ucl,,https://api.sofascore.com/api/v1/search/all?q=FC+Swift+Hesper&page=0,Reviewed name variant + API identity
FC Thun,ucl;uel,3281855;147772,,verified_competition,true,2454,FC Thun,FC Thun,ucl;uel,ucl;uel,https://api.sofascore.com/api/v1/unique-tournament/679/season/10391/teams,Name/PM alias matched within Sofascore competition participants
FC Twente,ucl;uel,147426;147721,,verified_competition,true,2955,FC Twente,FC Twente,ucl;uel,uel,https://api.sofascore.com/api/v1/unique-tournament/679/season/2155/teams,Name/PM alias matched within Sofascore competition participants
FC Universitatea Cluj,uel,3280523,,verified_competition,true,7734,FC Universitatea Cluj,FC Universitatea Cluj,uel,uel,https://api.sofascore.com/api/v1/unique-tournament/679/season/96522/teams,Name/PM alias matched within Sofascore competition participants
FC Utrecht,uel,147722,,verified_competition,true,2948,FC Utrecht,FC Utrecht,uel,,https://api.sofascore.com/api/v1/unique-tournament/679/season/13416/teams,Name/PM alias matched within Sofascore competition participants
FC Vaduz,uel,147774,,verified_competition,true,2463,FC Vaduz,FC Vaduz,uel,,https://api.sofascore.com/api/v1/unique-tournament/679/season/10391/teams,Name/PM alias matched within Sofascore competition participants
FC Viitorul Constanţa,ucl;uel,147522;147931,,verified_competition,true,37426,FC Viitorul Constanța,FC Viitorul Constanța,ucl;uel,,https://api.sofascore.com/api/v1/unique-tournament/679/season/11774/teams,Name/PM alias matched within Sofascore competition participants
FC Viktoria Plzeň,ucl;uel,147368;147654,,verified_competition,true,4502,FC Viktoria Plzeň,FC Viktoria Plzeň,ucl;uel,uel,https://api.sofascore.com/api/v1/unique-tournament/679/season/10391/teams,Name/PM alias matched within Sofascore competition participants
FC Zimbru Chişinău,uel,147933,,verified_competition,true,5265,FC Zimbru Chişinău,FC Zimbru Chişinău,uel,,https://api.sofascore.com/api/v1/unique-tournament/679/season/11774/teams,Name/PM alias matched within Sofascore competition participants
FC Zlín,uel,148003,,verified_competition,true,2220,FC Zlín,FC Zlín,uel,,https://api.sofascore.com/api/v1/unique-tournament/679/season/13416/teams,Name/PM alias matched within Sofascore competition participants
FC Zürich,ucl;uel,147451;147775,,verified_competition,true,2450,FC Zürich,FC Zürich,ucl;uel,,https://api.sofascore.com/api/v1/unique-tournament/679/season/10391/teams,Name/PM alias matched within Sofascore competition participants
FCI Levadia,ucl;uel,147360;147646,,verified_competition,true,3342,FCI Levadia Tallinn,FCI Levadia Tallinn,ucl;uel,,https://api.sofascore.com/api/v1/search/all?q=FCI+Levadia&page=0,Reviewed name variant + API identity
FCI Tallinn,ucl;uel,147538;147978,,needs_review,false,,,,,,https://api.sofascore.com/api/v1/search/all?q=FCI+Tallinn&page=0,Search returns FC Infonet Tallinn and FCI Levadia Tallinn; historical identity requires review.
FCSB,ucl;uel,147367;147653,,verified_competition,true,3301,FCSB,FCSB,ucl;uel,,https://api.sofascore.com/api/v1/unique-tournament/679/season/10391/teams,Name/PM alias matched within Sofascore competition participants
FCV Farul Constanţa,ucl,147594,,verified_competition,true,3294,FCV Farul Constanța,FCV Farul Constanța,ucl,,https://api.sofascore.com/api/v1/unique-tournament/7/season/52162/teams,Name/PM alias matched within Sofascore competition participants
Fehérvár FC,ucl;uel,147415;147699,,verified_competition,true,1926,Videoton FC Fehérvár,Videoton FC Fehérvár,ucl;uel,,https://api.sofascore.com/api/v1/unique-tournament/679/season/10391/teams,Name/PM alias matched within Sofascore competition participants
Fenerbahçe SK,ucl;uel,147370;147656,Fenerbahce,verified_competition,true,3052,Fenerbahçe,Fenerbahçe,ucl;uel,ucl,https://api.sofascore.com/api/v1/unique-tournament/679/season/10391/teams,Name/PM alias matched within Sofascore competition participants
Ferencvárosi TC,ucl;uel,147452;147776,Ferencvaros,verified_competition,true,1925,Ferencváros TC,Ferencváros TC,ucl;uel,uel,https://api.sofascore.com/api/v1/unique-tournament/679/season/10391/teams,Name/PM alias matched within Sofascore competition participants
Feyenoord Rotterdam,ucl;uel,147427;147723,,verified_competition,true,2959,Feyenoord,Feyenoord,ucl;uel,ucl,https://api.sofascore.com/api/v1/search/all?q=Feyenoord+Rotterdam&page=0,Reviewed name variant + API identity
FH Hafnarfjörður,ucl;uel,147453;147777,,verified_competition,true,1894,FH Hafnarfjörður,FH Hafnarfjörður,ucl;uel,,https://api.sofascore.com/api/v1/unique-tournament/679/season/10391/teams,Name/PM alias matched within Sofascore competition participants
Figueirense FC,brazil-serie-a,119085,Figueirense,verified_competition,true,1985,Figueirense,Figueirense,brazil-serie-a,,https://api.sofascore.com/api/v1/search/all?q=Figueirense&page=0,Reviewed name variant + API identity
Fiji,fifa-friendly,114969,,verified_competition,true,8044,Fiji,Fiji,fifa-friendly,fifa-friendly,https://api.sofascore.com/api/v1/unique-tournament/851/season/47776/teams,Name/PM alias matched within Sofascore competition participants
Finland,fifa-friendly,114907,,verified_competition,true,4712,Finland,Finland,fifa-friendly,fifa-friendly,https://api.sofascore.com/api/v1/unique-tournament/851/season/35187/teams,Name/PM alias matched within Sofascore competition participants
FK Atlantas Klaipėda,uel,147779,,verified_competition,true,5337,Atlantas Klaipėda,Atlantas Klaipėda,uel,,https://api.sofascore.com/api/v1/unique-tournament/679/season/10391/teams,Name/PM alias matched within Sofascore competition participants
FK Austria Wien,uel,147934,,verified_competition,true,2203,FK Austria Wien,FK Austria Wien,uel,,https://api.sofascore.com/api/v1/unique-tournament/679/season/11774/teams,Name/PM alias matched within Sofascore competition participants
FK BATE Barysaŭ,ucl;uel,147374;147660,,verified_competition,true,3350,BATE Borisov,BATE Borisov,ucl;uel,,https://api.sofascore.com/api/v1/search/all?q=FK+BATE+Barysa%C5%AD&page=0,Reviewed name variant + API identity
FK Bodø/Glimt,ucl;uel,147581;148150,Bodo/Glimt,verified_competition,true,656,Bodø/Glimt,Bodø/Glimt,ucl;uel,ucl,https://api.sofascore.com/api/v1/unique-tournament/679/season/29343/teams,Name/PM alias matched within Sofascore competition participants
FK Bokelj Kotor,uel,147936,,verified_competition,true,7581,FK Bokelj Kotor,FK Bokelj Kotor,uel,,https://api.sofascore.com/api/v1/unique-tournament/679/season/11774/teams,Name/PM alias matched within Sofascore competition participants
FK Borac Banja Luka,ucl;uel,147580;148149,,verified_competition,true,5235,FK Borac Banja Luka,FK Borac Banja Luka,ucl;uel,ucl,https://api.sofascore.com/api/v1/unique-tournament/679/season/2765/teams,Name/PM alias matched within Sofascore competition participants
FK Budućnost Podgorica,ucl;uel,147454;147780,,verified_competition,true,5143,FK Budućnost Podgorica,FK Budućnost Podgorica,ucl;uel,,https://api.sofascore.com/api/v1/unique-tournament/679/season/10391/teams,Name/PM alias matched within Sofascore competition participants
FK Crvena zvezda,ucl;uel,147455;147781,Crvena Zvezda,verified_competition,true,5149,FK Crvena Zvezda,FK Crvena Zvezda,ucl;uel,ucl;uel,https://api.sofascore.com/api/v1/unique-tournament/679/season/10391/teams,Name/PM alias matched within Sofascore competition participants
FK Desna Chernihiv,uel,148180,,verified_competition,true,25480,Desna Chernihiv,Desna Chernihiv,uel,,https://api.sofascore.com/api/v1/unique-tournament/679/season/29343/teams,Name/PM alias matched within Sofascore competition participants
FK Dečić Tuzi,ucl,147602,,verified_competition,true,6226,FK Dečić Tuzi,FK Dečić Tuzi,ucl,,https://api.sofascore.com/api/v1/unique-tournament/7/season/61644/teams,Name/PM alias matched within Sofascore competition participants
FK Dinamo Moskva,uel,147905,,verified_competition,true,2315,Dynamo Moscow,Dynamo Moscow,uel,,https://api.sofascore.com/api/v1/search/all?q=FK+Dinamo+Moskva&page=0,Reviewed name variant + API identity
FK Dnipro,uel,147786,,verified_competition,true,3304,Dnipro,Dnipro,uel,,https://api.sofascore.com/api/v1/unique-tournament/679/season/10391/teams,Name/PM alias matched within Sofascore competition participants
FK Dunav Ruse,uel,148043,,verified_competition,true,3286,FK Dunav Ruse,FK Dunav Ruse,uel,,https://api.sofascore.com/api/v1/unique-tournament/679/season/13416/teams,Name/PM alias matched within Sofascore competition participants
FK Dynama-Brest,ucl;uel,147546;148010,,verified_competition,true,3353,Dynamo Brest,Dynamo Brest,ucl;uel,,https://api.sofascore.com/api/v1/search/all?q=FK+Dynama-Brest&page=0,Reviewed name variant + API identity
FK Dynama-Minsk,ucl;uel,147458;147785,,verified_competition,true,3361,Dinamo Minsk,Dinamo Minsk,ucl;uel,,https://api.sofascore.com/api/v1/search/all?q=FK+Dynama-Minsk&page=0,Reviewed name variant + API identity
FK Dynamo Kyiv,ucl;uel,147375;147661,Dynamo Kyiv,verified_competition,true,3305,Dynamo Kyiv,Dynamo Kyiv,ucl;uel,uel,https://api.sofascore.com/api/v1/search/all?q=K%C3%8D&page=0,Name/PM alias matched within Sofascore competition participants
FK Haugesund,uel,148011,,verified_competition,true,673,Haugesund,Haugesund,uel,,https://api.sofascore.com/api/v1/unique-tournament/679/season/13416/teams,Name/PM alias matched within Sofascore competition participants
FK Iskra Danilovgrad,uel,148154,,verified_competition,true,37958,FK Iskra Danilovgrad,FK Iskra Danilovgrad,uel,,https://api.sofascore.com/api/v1/unique-tournament/679/season/23755/teams,Name/PM alias matched within Sofascore competition participants
FK Jablonec,uel,147787,,verified_competition,true,2205,FK Jablonec,FK Jablonec,uel,,https://api.sofascore.com/api/v1/unique-tournament/679/season/10391/teams,Name/PM alias matched within Sofascore competition participants
FK Jelgava,uel,147788,,verified_competition,true,36081,FS Jelgava,FS Jelgava,uel,,https://api.sofascore.com/api/v1/unique-tournament/679/season/10391/teams,Name/PM alias matched within Sofascore competition participants
FK Kauno Žalgiris,ucl;uel,3280334;148123,,verified_competition,true,80741,FK Kauno Žalgiris,FK Kauno Žalgiris,ucl;uel,ucl;uel,https://api.sofascore.com/api/v1/unique-tournament/679/season/23755/teams,Name/PM alias matched within Sofascore competition participants
FK Kolos Kovalivka,uel,148181,,verified_competition,true,200776,Kolos Kovalivka,Kolos Kovalivka,uel,,https://api.sofascore.com/api/v1/unique-tournament/679/season/29343/teams,Name/PM alias matched within Sofascore competition participants
FK Krasnodar,ucl;uel,147460;147790,,verified_competition,true,34425,FC Krasnodar,FC Krasnodar,ucl;uel,,https://api.sofascore.com/api/v1/unique-tournament/679/season/10391/teams,Name/PM alias matched within Sofascore competition participants
FK Kruoja Pakruojis,uel,147791,,needs_review,false,,,,,,https://api.sofascore.com/api/v1/search/all?q=FK+Kruoja+Pakruojis&page=0,Search only found a second-team record; do not substitute Pakruojis without identity evidence.
FK Kryvbas Kryvyi Rih,uel,148199,,verified_competition,true,294048,FC Kryvbas Kryvyi Rih,FC Kryvbas Kryvyi Rih,uel,,https://api.sofascore.com/api/v1/unique-tournament/679/season/61645/teams,Name/PM alias matched within Sofascore competition participants
FK Kukësi,ucl;uel,147461;147792,,verified_competition,true,53064,FK Kukësi,FK Kukësi,ucl;uel,,https://api.sofascore.com/api/v1/unique-tournament/679/season/10391/teams,Name/PM alias matched within Sofascore competition participants
FK Liepāja,ucl;uel,147514;147912,,verified_competition,true,146336,FK Liepaja,FK Liepaja,ucl;uel,,https://api.sofascore.com/api/v1/unique-tournament/679/season/13416/teams,Name/PM alias matched within Sofascore competition participants
FK Lokomotiv Moskva,ucl;uel,147462;147793,,verified_competition,true,2320,Lokomotiv Moscow,Lokomotiv Moscow,ucl;uel,,https://api.sofascore.com/api/v1/search/all?q=FK+Lokomotiv+Moskva&page=0,Reviewed name variant + API identity
FK Lovech,uel,147861,,verified_competition,true,3282,FC Lovech Lovech,FC Lovech Lovech,uel,,https://api.sofascore.com/api/v1/unique-tournament/679/season/10391/teams,Name/PM alias matched within Sofascore competition participants
FK Makedonija Gjorche Petrov,uel,148125,,verified_competition,true,53841,Makedonija Gjorce Petrov,Makedonija Gjorce Petrov,uel,,https://api.sofascore.com/api/v1/search/all?q=FK+Makedonija+Gjorche+Petrov&page=0,Reviewed name variant + API identity
FK Mariupol,uel,148066,,verified_competition,true,3319,Mariupol,Mariupol,uel,,https://api.sofascore.com/api/v1/unique-tournament/679/season/17352/teams,Name/PM alias matched within Sofascore competition participants
FK ML Viciebsk,ucl,3280495,,verified_competition,true,381792,ML Vitebsk,ML Vitebsk,ucl,ucl,https://api.sofascore.com/api/v1/unique-tournament/7/season/96518/teams,Reviewed name variant + API identity
FK Mladost Lučani,uel,148013,,verified_competition,true,7771,FK Mladost Lučani,FK Mladost Lučani,uel,,https://api.sofascore.com/api/v1/unique-tournament/679/season/13416/teams,Name/PM alias matched within Sofascore competition participants
FK Mladá Boleslav,uel,147794,,verified_competition,true,2224,Mladá Boleslav,Mladá Boleslav,uel,,https://api.sofascore.com/api/v1/unique-tournament/679/season/10391/teams,Name/PM alias matched within Sofascore competition participants
FK Oleksandriya,uel,147937,,verified_competition,true,25479,Oleksandria,Oleksandria,uel,,https://api.sofascore.com/api/v1/search/all?q=FK+Oleksandriya&page=0,Reviewed name variant + API identity
FK Olimpik Donetsk,uel,148016,,verified_competition,true,43876,Olimpik Donetsk,Olimpik Donetsk,uel,,https://api.sofascore.com/api/v1/unique-tournament/679/season/13416/teams,Name/PM alias matched within Sofascore competition participants
FK Olimpik Sarajevo,uel,147797,,verified_competition,true,25836,Olimpik Sarajevo,Olimpik Sarajevo,uel,,https://api.sofascore.com/api/v1/unique-tournament/679/season/10391/teams,Name/PM alias matched within Sofascore competition participants
FK Panevėžys,ucl;uel,147600;148208,,verified_competition,true,192763,FK Panevėžys,FK Panevėžys,ucl;uel,,https://api.sofascore.com/api/v1/unique-tournament/679/season/61645/teams,Name/PM alias matched within Sofascore competition participants
FK Partizan Beograd,ucl;uel,147376;147662,,verified_competition,true,5152,FK Partizan,FK Partizan,ucl;uel,,https://api.sofascore.com/api/v1/search/all?q=FK+Partizan+Beograd&page=0,Reviewed name variant + API identity
FK Partizani,ucl;uel,147466;147800,,verified_competition,true,5222,FK Partizani,FK Partizani,ucl;uel,,https://api.sofascore.com/api/v1/unique-tournament/679/season/10391/teams,Name/PM alias matched within Sofascore competition participants
FK Pelister Bitola,uel,148017,,verified_competition,true,6079,FK Pelister Bitola,FK Pelister Bitola,uel,,https://api.sofascore.com/api/v1/unique-tournament/679/season/13416/teams,Name/PM alias matched within Sofascore competition participants
FK Rabotnichki Skopje,uel,147801,,verified_competition,true,5212,FK Rabotnički Skopje,FK Rabotnički Skopje,uel,,https://api.sofascore.com/api/v1/search/all?q=FK+Rabotnichki+Skopje&page=0,Reviewed name variant + API identity
FK Radnik Bijeljina,uel,147938,,verified_competition,true,6149,FK Radnik Bijeljina,FK Radnik Bijeljina,uel,,https://api.sofascore.com/api/v1/unique-tournament/679/season/11774/teams,Name/PM alias matched within Sofascore competition participants
FK Radnički Niš,uel,148067,,verified_competition,true,25737,FK Radnički Niš,FK Radnički Niš,uel,,https://api.sofascore.com/api/v1/unique-tournament/679/season/17352/teams,Name/PM alias matched within Sofascore competition participants
FK Riteriai,uel,147807,,verified_competition,true,310557,FK Riteriai,FK Riteriai,uel,,https://api.sofascore.com/api/v1/unique-tournament/679/season/10391/teams,Name/PM alias matched within Sofascore competition participants
FK Rostov,ucl;uel,147510;147906,,verified_competition,true,2326,FC Rostov,FC Rostov,ucl;uel,,https://api.sofascore.com/api/v1/unique-tournament/679/season/11774/teams,Name/PM alias matched within Sofascore competition participants
FK Rubin Kazan,uel,147802,,verified_competition,true,2333,Rubin Kazan,Rubin Kazan,uel,,https://api.sofascore.com/api/v1/unique-tournament/679/season/10391/teams,Name/PM alias matched within Sofascore competition participants
FK Rudar Pljevlja,ucl;uel,147377;147663,,verified_competition,true,6223,FK Rudar Pljevlja,FK Rudar Pljevlja,ucl;uel,,https://api.sofascore.com/api/v1/unique-tournament/679/season/11774/teams,Name/PM alias matched within Sofascore competition participants
FK Rīga,uel,148133,,verified_competition,true,5939,FK Riga,FK Riga,uel,,https://api.sofascore.com/api/v1/unique-tournament/679/season/17352/teams,Name/PM alias matched within Sofascore competition participants
FK Rīgas Futbola Skola,ucl;uel,147571;148112,,verified_competition,true,68718,RFS,RFS,ucl;uel,,https://api.sofascore.com/api/v1/search/all?q=FK+R%C4%ABgas+Futbola+Skola&page=0,Reviewed name variant + API identity
FK Sarajevo,ucl;uel,147378;147664,,verified_competition,true,5237,FK Sarajevo,FK Sarajevo,ucl;uel,,https://api.sofascore.com/api/v1/unique-tournament/679/season/10391/teams,Name/PM alias matched within Sofascore competition participants
FK Shakhtar Donetsk,ucl;uel,147379;147665,,verified_competition,true,3313,Shakhtar Donetsk,Shakhtar Donetsk,ucl;uel,ucl,https://api.sofascore.com/api/v1/unique-tournament/679/season/10391/teams,Name/PM alias matched within Sofascore competition participants
FK Sileks,ucl;uel,147536;147974,,verified_competition,true,5407,FK Sileks Kratovo,FK Sileks Kratovo,ucl;uel,,https://api.sofascore.com/api/v1/unique-tournament/679/season/11774/teams,Name/PM alias matched within Sofascore competition participants
FK Sloboda Tuzla,uel,147939,,verified_competition,true,6247,FK Sloboda Tuzla,FK Sloboda Tuzla,uel,,https://api.sofascore.com/api/v1/unique-tournament/679/season/11774/teams,Name/PM alias matched within Sofascore competition participants
FK Spartak Moskva,ucl;uel,147512;147908,,verified_competition,true,2323,FC Spartak Moscow,FC Spartak Moscow,ucl;uel,,https://api.sofascore.com/api/v1/search/all?q=FK+Spartak+Moskva&page=0,Reviewed name variant + API identity
FK Spartak Ždrepčeva Krv Subotica,uel,148070,,verified_competition,true,36967,FK Spartak Subotica,FK Spartak Subotica,uel,,https://api.sofascore.com/api/v1/unique-tournament/679/season/17352/teams,Reviewed name variant + API identity
FK Spartaks Jūrmala,ucl;uel,147468;147804,,verified_competition,true,36085,Spartaks,Spartaks,ucl;uel,,https://api.sofascore.com/api/v1/unique-tournament/679/season/10391/teams,Name/PM alias matched within Sofascore competition participants
FK Stumbras Kaunas,uel,148073,,verified_competition,true,147564,Stumbras Kaunas,Stumbras Kaunas,uel,,https://api.sofascore.com/api/v1/unique-tournament/679/season/17352/teams,Name/PM alias matched within Sofascore competition participants
FK Sutjeska Nikšić,ucl;uel,147469;147805,,verified_competition,true,6224,FK Sutjeska Nikšić,FK Sutjeska Nikšić,ucl;uel,ucl,https://api.sofascore.com/api/v1/unique-tournament/679/season/10391/teams,Name/PM alias matched within Sofascore competition participants
FK Sūduva Marijampolė,ucl;uel,147523;147940,,verified_competition,true,5343,FK Sūduva Marijampolė,FK Sūduva Marijampolė,ucl;uel,,https://api.sofascore.com/api/v1/unique-tournament/679/season/11774/teams,Name/PM alias matched within Sofascore competition participants
FK Tarpieda-BelAZ Žodzina,uel,147806,,verified_competition,true,3359,Torpedo-BelAZ Zhodino,Torpedo-BelAZ Zhodino,uel,,https://api.sofascore.com/api/v1/unique-tournament/679/season/10391/teams,Reviewed name variant + API identity
FK TSC Bačka Topola,ucl;uel,147583;148172,,verified_competition,true,263360,FK TSC Bačka Topola,FK TSC Bačka Topola,ucl;uel,,https://api.sofascore.com/api/v1/unique-tournament/679/season/29343/teams,Name/PM alias matched within Sofascore competition participants
FK Ufa,uel,147909,,verified_competition,true,74241,FC Ufa,FC Ufa,uel,,https://api.sofascore.com/api/v1/unique-tournament/679/season/17352/teams,Name/PM alias matched within Sofascore competition participants
FK Vardar Brvenica,uel,148046,,needs_review,false,,,,,,https://api.sofascore.com/api/v1/search/all?q=FK+Vardar+Brvenica&page=0,No exact search result; do not substitute FK Vardar Skopje.
FK Vardar Skopje,ucl;uel,147380;147666,,verified_competition,true,5403,FK Vardar Skopje,FK Vardar Skopje,ucl;uel,ucl,https://api.sofascore.com/api/v1/unique-tournament/679/season/13416/teams,Name/PM alias matched within Sofascore competition participants
FK Ventspils,ucl;uel,147381;147667,,verified_competition,true,5354,FK Ventspils,FK Ventspils,ucl;uel,,https://api.sofascore.com/api/v1/unique-tournament/679/season/11774/teams,Name/PM alias matched within Sofascore competition participants
FK Viciebsk,uel,148114,,verified_competition,true,3351,Vitebsk,Vitebsk,uel,,https://api.sofascore.com/api/v1/unique-tournament/679/season/23755/teams,Reviewed name variant + API identity
FK Vojvodina Novi Sad,uel,147808,,verified_competition,true,5150,FK Vojvodina,FK Vojvodina,uel,uel,https://api.sofascore.com/api/v1/search/all?q=FK+Vojvodina+Novi+Sad&page=0,Reviewed name variant + API identity
FK Vorskla Poltava,uel,147809,,verified_competition,true,3309,Vorskla Poltava,Vorskla Poltava,uel,,https://api.sofascore.com/api/v1/unique-tournament/679/season/10391/teams,Name/PM alias matched within Sofascore competition participants
FK Zenit,ucl;uel,147382;147668,,verified_competition,true,2321,FC Zenit,FC Zenit,ucl;uel,,https://api.sofascore.com/api/v1/unique-tournament/679/season/11774/teams,Name/PM alias matched within Sofascore competition participants
FK Zeta Golubovci,uel,148018,,verified_competition,true,6225,FK Zeta Golubovci,FK Zeta Golubovci,uel,,https://api.sofascore.com/api/v1/unique-tournament/679/season/13416/teams,Name/PM alias matched within Sofascore competition participants
FK Zorya Luhansk,uel,147811,,verified_competition,true,312677,Zoria Luhansk,Zoria Luhansk,uel,,https://api.sofascore.com/api/v1/unique-tournament/679/season/10391/teams,Reviewed name variant + API identity
FK Čukarički,uel,147782,,verified_competition,true,5148,FK Čukarički,FK Čukarički,uel,,https://api.sofascore.com/api/v1/unique-tournament/679/season/10391/teams,Name/PM alias matched within Sofascore competition participants
FK Šachcior Salihorsk,ucl;uel,147467;147803,,verified_competition,true,3357,Shakhtyor Soligorsk,Shakhtyor Soligorsk,ucl;uel,,https://api.sofascore.com/api/v1/unique-tournament/679/season/10391/teams,Reviewed name variant + API identity
FK Žalgiris Vilnius,ucl;uel,147369;147655,,verified_competition,true,5345,FK Žalgiris,FK Žalgiris,ucl;uel,,https://api.sofascore.com/api/v1/search/all?q=FK+%C5%BDalgiris+Vilnius&page=0,Reviewed name variant + API identity
FK Željezničar Sarajevo,uel,147810,,verified_competition,true,5240,FK Željezničar,FK Željezničar,uel,,https://api.sofascore.com/api/v1/search/all?q=FK+%C5%BDeljezni%C4%8Dar+Sarajevo&page=0,Reviewed name variant + API identity
Floriana FC,ucl;uel,147548;148020,,verified_competition,true,33584,Floriana FC,Floriana FC,ucl;uel,ucl,https://api.sofascore.com/api/v1/unique-tournament/679/season/13416/teams,Name/PM alias matched within Sofascore competition participants
Fluminense FC,brazil-serie-a,119086,Fluminense,verified_competition,true,1961,Fluminense,Fluminense,brazil-serie-a,brazil-serie-a,https://api.sofascore.com/api/v1/unique-tournament/325/season/10173/teams,Name/PM alias matched within Sofascore competition participants
Fortaleza EC,brazil-serie-a,119103,Fortaleza,verified_competition,true,2020,Fortaleza,Fortaleza,brazil-serie-a,,https://api.sofascore.com/api/v1/unique-tournament/325/season/22931/teams,Name/PM alias matched within Sofascore competition participants
France,fifa-friendly,114847,,verified_competition,true,4481,France,France,fifa-friendly,fifa-friendly,https://api.sofascore.com/api/v1/unique-tournament/851/season/35187/teams,Name/PM alias matched within Sofascore competition participants
Fredrikstad FK,uel,148211,,verified_competition,true,687,Fredrikstad FK,Fredrikstad FK,uel,,https://api.sofascore.com/api/v1/unique-tournament/679/season/2155/teams,Name/PM alias matched within Sofascore competition participants
French Guiana,fifa-friendly,114888,,verified_national_identity,true,52906,French Guiana,French Guiana,,,https://api.sofascore.com/api/v1/search/all?q=French+Guiana&page=0,Reviewed name variant + API identity; no membership evidence in the six checked friendly seasons
Frosinone Calcio,sea,3284864,,verified_competition,true,2801,Frosinone,Frosinone,sea,sea,https://api.sofascore.com/api/v1/unique-tournament/23/season/52760/teams,Name/PM alias matched within Sofascore competition participants
Fulham FC,epl,100011,Fulham,verified_competition,true,43,Fulham,Fulham,epl,epl,https://api.sofascore.com/api/v1/unique-tournament/17/season/41886/teams,Name/PM alias matched within Sofascore competition participants
Gabon,fifa-friendly,114877,,verified_competition,true,4761,Gabon,Gabon,fifa-friendly,fifa-friendly,https://api.sofascore.com/api/v1/unique-tournament/851/season/40241/teams,Name/PM alias matched within Sofascore competition participants
Galatasaray SK,ucl;uel,147383;147669,,verified_competition,true,3061,Galatasaray,Galatasaray,ucl;uel,ucl,https://api.sofascore.com/api/v1/unique-tournament/679/season/10391/teams,Name/PM alias matched within Sofascore competition participants
Gambia,fifa-friendly,114970,,verified_competition,true,4762,Gambia,Gambia,fifa-friendly,fifa-friendly,https://api.sofascore.com/api/v1/unique-tournament/851/season/35187/teams,Name/PM alias matched within Sofascore competition participants
Genoa CFC,sea,101120,Genoa,verified_competition,true,2713,Genoa,Genoa,sea,sea,https://api.sofascore.com/api/v1/unique-tournament/23/season/37475/teams,Name/PM alias matched within Sofascore competition participants
Georgia,fifa-friendly,114909,,verified_competition,true,4763,Georgia,Georgia,fifa-friendly,fifa-friendly,https://api.sofascore.com/api/v1/unique-tournament/851/season/35187/teams,Name/PM alias matched within Sofascore competition participants
Germany,fifa-friendly,114848,,verified_competition,true,4711,Germany,Germany,fifa-friendly,fifa-friendly,https://api.sofascore.com/api/v1/unique-tournament/851/season/35187/teams,Name/PM alias matched within Sofascore competition participants
Getafe CF,la-liga;uel,101031;147701,Getafe,verified_competition,true,2859,Getafe,Getafe,la-liga;uel,la-liga,https://api.sofascore.com/api/v1/unique-tournament/679/season/23755/teams,Name/PM alias matched within Sofascore competition participants
Ghana,fifa-friendly,114878,,verified_competition,true,4764,Ghana,Ghana,fifa-friendly,fifa-friendly,https://api.sofascore.com/api/v1/unique-tournament/851/season/35187/teams,Name/PM alias matched within Sofascore competition participants
Gibraltar,fifa-friendly,114910,,verified_competition,true,129264,Gibraltar,Gibraltar,fifa-friendly,fifa-friendly,https://api.sofascore.com/api/v1/unique-tournament/851/season/35187/teams,Name/PM alias matched within Sofascore competition participants
Girona FC,la-liga;ucl,101035;147553,Girona,verified_competition,true,24264,Girona FC,Girona FC,la-liga;ucl,,https://api.sofascore.com/api/v1/unique-tournament/7/season/61644/teams,Name/PM alias matched within Sofascore competition participants
GKS Piast Gliwice,ucl;uel,147525;147942,,verified_competition,true,7918,Piast Gliwice,Piast Gliwice,ucl;uel,,https://api.sofascore.com/api/v1/unique-tournament/679/season/11774/teams,Name/PM alias matched within Sofascore competition participants
Glenavon FC,uel,147812,,verified_competition,true,5183,Glenavon,Glenavon,uel,,https://api.sofascore.com/api/v1/unique-tournament/679/season/10391/teams,Name/PM alias matched within Sofascore competition participants
Glentoran FC,uel,147813,,verified_competition,true,5179,Glentoran,Glentoran,uel,,https://api.sofascore.com/api/v1/unique-tournament/679/season/10391/teams,Name/PM alias matched within Sofascore competition participants
GNK Dinamo Zagreb,ucl;uel,147384;147670,,verified_competition,true,2032,GNK Dinamo Zagreb,GNK Dinamo Zagreb,ucl;uel,ucl;uel,https://api.sofascore.com/api/v1/unique-tournament/679/season/13416/teams,Name/PM alias matched within Sofascore competition participants
Go Ahead Eagles,uel,147814,,verified_competition,true,2979,Go Ahead Eagles,Go Ahead Eagles,uel,,https://api.sofascore.com/api/v1/unique-tournament/679/season/10391/teams,Name/PM alias matched within Sofascore competition participants
Goiás EC,brazil-serie-a,119104,Goiás,verified_competition,true,1960,Goiás,Goiás,brazil-serie-a,,https://api.sofascore.com/api/v1/unique-tournament/325/season/10173/teams,Name/PM alias matched within Sofascore competition participants
Granada CF,uel,147702,,verified_competition,true,33779,Granada,Granada,uel,,https://api.sofascore.com/api/v1/unique-tournament/679/season/29343/teams,Name/PM alias matched within Sofascore competition participants
Grasshopper Club Zürich,uel,147944,,verified_competition,true,2449,Grasshopper Club Zürich,Grasshopper Club Zürich,uel,,https://api.sofascore.com/api/v1/unique-tournament/679/season/11774/teams,Name/PM alias matched within Sofascore competition participants
Greece,fifa-friendly,114911,,verified_competition,true,4710,Greece,Greece,fifa-friendly,fifa-friendly,https://api.sofascore.com/api/v1/unique-tournament/851/season/35187/teams,Name/PM alias matched within Sofascore competition participants
Grenada,fifa-friendly,114971,,verified_competition,true,21814,Grenada,Grenada,fifa-friendly,fifa-friendly,https://api.sofascore.com/api/v1/unique-tournament/851/season/40241/teams,Name/PM alias matched within Sofascore competition participants
Grêmio FBPA,brazil-serie-a,119087,Grêmio,verified_competition,true,5926,Grêmio,Grêmio,brazil-serie-a,brazil-serie-a,https://api.sofascore.com/api/v1/unique-tournament/325/season/10173/teams,Name/PM alias matched within Sofascore competition participants
Guadeloupe,fifa-friendly,115048,,verified_competition,true,7299,Guadeloupe,Guadeloupe,fifa-friendly,,https://api.sofascore.com/api/v1/unique-tournament/851/season/40241/teams,Name/PM alias matched within Sofascore competition participants
Guam,fifa-friendly,114972,,verified_competition,true,23493,Guam,Guam,fifa-friendly,fifa-friendly,https://api.sofascore.com/api/v1/unique-tournament/851/season/57198/teams,Name/PM alias matched within Sofascore competition participants
Guatemala,fifa-friendly,114868,,verified_competition,true,5163,Guatemala,Guatemala,fifa-friendly,fifa-friendly,https://api.sofascore.com/api/v1/unique-tournament/851/season/35187/teams,Name/PM alias matched within Sofascore competition participants
Guinea,fifa-friendly,114893,,verified_competition,true,4826,Guinea,Guinea,fifa-friendly,fifa-friendly,https://api.sofascore.com/api/v1/unique-tournament/851/season/35187/teams,Name/PM alias matched within Sofascore competition participants
Guinea-Bissau,fifa-friendly,114879,,verified_competition,true,23478,Guinea-Bissau,Guinea-Bissau,fifa-friendly,fifa-friendly,https://api.sofascore.com/api/v1/unique-tournament/851/season/40241/teams,Name/PM alias matched within Sofascore competition participants
Guyana,fifa-friendly,114974,,verified_competition,true,22113,Guyana,Guyana,fifa-friendly,fifa-friendly,https://api.sofascore.com/api/v1/unique-tournament/851/season/40241/teams,Name/PM alias matched within Sofascore competition participants
Górnik Zabrze,ucl;uel,3281856;148076,,verified_competition,true,3110,Górnik Zabrze,Górnik Zabrze,ucl;uel,ucl;uel,https://api.sofascore.com/api/v1/unique-tournament/679/season/17352/teams,Name/PM alias matched within Sofascore competition participants
Gżira United FC,uel,148077,,verified_competition,true,58327,Gżira United FC,Gżira United FC,uel,,https://api.sofascore.com/api/v1/unique-tournament/679/season/17352/teams,Name/PM alias matched within Sofascore competition participants
Haiti,fifa-friendly,114833,,verified_competition,true,7229,Haiti,Haiti,fifa-friendly,fifa-friendly,https://api.sofascore.com/api/v1/unique-tournament/851/season/35187/teams,Name/PM alias matched within Sofascore competition participants
Hamburger SV,bundesliga,114295,HSV,verified_competition,true,2676,Hamburger SV,Hamburger SV,bundesliga,bundesliga,https://api.sofascore.com/api/v1/unique-tournament/35/season/37166/teams,Name/PM alias matched within Sofascore competition participants
Hammarby Fotboll,uel,148152,,verified_competition,true,1758,Hammarby IF,Hammarby IF,uel,uel,https://api.sofascore.com/api/v1/unique-tournament/679/season/29343/teams,Name/PM alias matched within Sofascore competition participants
Hang Sai SC,uel,147935,,needs_review,false,320447,Hang Sai SC,,,,https://api.sofascore.com/api/v1/search/all?q=Hang+Sai+SC&page=0,"Exact Sofascore team exists (320447), but no UEL membership evidence; PM league classification needs review."
HB,ucl;uel,147471;147817,,verified_competition,true,5187,HB Tórshavn,HB Tórshavn,ucl;uel,,https://api.sofascore.com/api/v1/search/all?q=HB&page=0,Reviewed name variant + API identity
Heart of Midlothian FC,ucl;uel,3281857;147945,,verified_competition,true,2353,Heart of Midlothian,Heart of Midlothian,ucl;uel,ucl;uel,https://api.sofascore.com/api/v1/unique-tournament/679/season/11774/teams,Name/PM alias matched within Sofascore competition participants
Hellas Verona FC,sea,101117,Verona,verified_competition,true,2701,Hellas Verona,Hellas Verona,sea,,https://api.sofascore.com/api/v1/unique-tournament/23/season/37475/teams,Name/PM alias matched within Sofascore competition participants
Helsingin JK,ucl;uel,147386;147672,,verified_competition,true,2242,HJK,HJK,ucl;uel,,https://api.sofascore.com/api/v1/unique-tournament/679/season/10391/teams,Reviewed name variant + API identity
Heracles Almelo,uel,147724,,verified_competition,true,2977,Heracles Almelo,Heracles Almelo,uel,,https://api.sofascore.com/api/v1/unique-tournament/679/season/11774/teams,Name/PM alias matched within Sofascore competition participants
Hertha BSC,uel,147625,,verified_competition,true,2528,Hertha BSC,Hertha BSC,uel,,https://api.sofascore.com/api/v1/unique-tournament/679/season/11774/teams,Name/PM alias matched within Sofascore competition participants
Hibernian FC,uel,147947,,verified_competition,true,2354,Hibernian,Hibernian,uel,,https://api.sofascore.com/api/v1/unique-tournament/679/season/11774/teams,Name/PM alias matched within Sofascore competition participants
Hibernians FC,ucl;uel,147385;147671,,verified_competition,true,5331,Hibernians,Hibernians,ucl;uel,,https://api.sofascore.com/api/v1/unique-tournament/679/season/11774/teams,Name/PM alias matched within Sofascore competition participants
HNK Hajduk Split,uel,147818,,verified_competition,true,2036,HNK Hajduk Split,HNK Hajduk Split,uel,uel,https://api.sofascore.com/api/v1/unique-tournament/679/season/10391/teams,Name/PM alias matched within Sofascore competition participants
HNK Rijeka,ucl;uel,147472;147819,,verified_competition,true,2039,HNK Rijeka,HNK Rijeka,ucl;uel,,https://api.sofascore.com/api/v1/unique-tournament/679/season/10391/teams,Name/PM alias matched within Sofascore competition participants
Holstein Kiel,bundesliga,101146,Kiel,verified_competition,true,2573,Holstein Kiel,Holstein Kiel,bundesliga,,https://api.sofascore.com/api/v1/search/all?q=K%C3%8D&page=0,Name/PM alias matched within Sofascore competition participants
Honduras,fifa-friendly,114869,,verified_competition,true,4827,Honduras,Honduras,fifa-friendly,fifa-friendly,https://api.sofascore.com/api/v1/unique-tournament/851/season/35187/teams,Name/PM alias matched within Sofascore competition participants
Hong Kong SAR,fifa-friendly,114975,,verified_competition,true,4765,Hong Kong,Hong Kong,fifa-friendly,fifa-friendly,https://api.sofascore.com/api/v1/search/all?q=China&page=0,Reviewed name variant + API identity
Houston Dynamo,mls,115060,Dynamo,verified_competition,true,2508,Houston Dynamo,Houston Dynamo,mls,mls,https://api.sofascore.com/api/v1/unique-tournament/242/season/35964/teams,Name/PM alias matched within Sofascore competition participants
Hull City AFC,epl,3284806,,verified_competition,true,96,Hull City,Hull City,epl,epl,https://api.sofascore.com/api/v1/unique-tournament/17/season/96668/events/last/0,Name/PM alias matched within Sofascore competition participants
Hungary,fifa-friendly,114849,,verified_competition,true,4709,Hungary,Hungary,fifa-friendly,fifa-friendly,https://api.sofascore.com/api/v1/unique-tournament/851/season/35187/teams,Name/PM alias matched within Sofascore competition participants
HŠK Zrinjski Mostar,ucl;uel,147473;147820,,verified_competition,true,5178,HŠK Zrinjski Mostar,HŠK Zrinjski Mostar,ucl;uel,,https://api.sofascore.com/api/v1/unique-tournament/679/season/10391/teams,Name/PM alias matched within Sofascore competition participants
Iceland,fifa-friendly,114850,,verified_competition,true,4708,Iceland,Iceland,fifa-friendly,fifa-friendly,https://api.sofascore.com/api/v1/unique-tournament/851/season/35187/teams,Name/PM alias matched within Sofascore competition participants
IF Elfsborg,uel,147821,,verified_competition,true,1762,IF Elfsborg,IF Elfsborg,uel,,https://api.sofascore.com/api/v1/unique-tournament/679/season/10391/teams,Name/PM alias matched within Sofascore competition participants
IFK Göteborg,uel,147822,,verified_competition,true,1761,IFK Göteborg,IFK Göteborg,uel,,https://api.sofascore.com/api/v1/unique-tournament/679/season/10391/teams,Name/PM alias matched within Sofascore competition participants
IFK Mariehamn,ucl;uel,147527;147949,,verified_competition,true,5058,IFK Mariehamn,IFK Mariehamn,ucl;uel,,https://api.sofascore.com/api/v1/unique-tournament/679/season/11774/teams,Name/PM alias matched within Sofascore competition participants
IFK Norrköping FK,ucl;uel,147515;147913,,verified_competition,true,1769,IFK Norrköping,IFK Norrköping,ucl;uel,,https://api.sofascore.com/api/v1/unique-tournament/679/season/13416/teams,Name/PM alias matched within Sofascore competition participants
Ilves Tampere,uel,148080,,verified_competition,true,22386,Ilves,Ilves,uel,,https://api.sofascore.com/api/v1/search/all?q=Ilves+Tampere&page=0,Reviewed name variant + API identity
India,fifa-friendly,114976,,verified_competition,true,4828,India,India,fifa-friendly,fifa-friendly,https://api.sofascore.com/api/v1/unique-tournament/851/season/35187/teams,Name/PM alias matched within Sofascore competition participants
Indonesia,fifa-friendly,114977,,verified_competition,true,4829,Indonesia,Indonesia,fifa-friendly,fifa-friendly,https://api.sofascore.com/api/v1/unique-tournament/851/season/35187/teams,Name/PM alias matched within Sofascore competition participants
Inter Club d'Escaldes,ucl;uel,147578;148142,,verified_competition,true,37946,Inter Club d'Escaldes,Inter Club d'Escaldes,ucl;uel,ucl,https://api.sofascore.com/api/v1/unique-tournament/679/season/29343/teams,Name/PM alias matched within Sofascore competition participants
Inter Miami CF,mls,115079,Inter Miami,verified_competition,true,337602,Inter Miami CF,Inter Miami CF,mls,mls,https://api.sofascore.com/api/v1/unique-tournament/242/season/35964/teams,Name/PM alias matched within Sofascore competition participants
Inverness Caledonian Thistle FC,uel,147825,,verified_competition,true,2362,Inverness Caledonian Thistle,Inverness Caledonian Thistle,uel,,https://api.sofascore.com/api/v1/unique-tournament/679/season/10391/teams,Name/PM alias matched within Sofascore competition participants
Ipswich Town FC,epl,100019,Ipswich,verified_competition,true,32,Ipswich Town,Ipswich Town,epl,epl,https://api.sofascore.com/api/v1/unique-tournament/17/season/61627/teams,Name/PM alias matched within Sofascore competition participants
IR Iran,fifa-friendly,114929,,verified_competition,true,4766,Iran,Iran,fifa-friendly,fifa-friendly,https://api.sofascore.com/api/v1/search/all?q=IR+Iran&page=0,Reviewed name variant + API identity
Iraq,fifa-friendly,114978,,verified_competition,true,4767,Iraq,Iraq,fifa-friendly,fifa-friendly,https://api.sofascore.com/api/v1/unique-tournament/851/season/35187/teams,Name/PM alias matched within Sofascore competition participants
Israel,fifa-friendly,114912,,verified_competition,true,4480,Israel,Israel,fifa-friendly,fifa-friendly,https://api.sofascore.com/api/v1/unique-tournament/851/season/35187/teams,Name/PM alias matched within Sofascore competition participants
Italy,fifa-friendly,114851,,verified_competition,true,4707,Italy,Italy,fifa-friendly,fifa-friendly,https://api.sofascore.com/api/v1/unique-tournament/851/season/35187/teams,Name/PM alias matched within Sofascore competition participants
Jagiellonia Białystok,ucl;uel,147475;147827,,verified_competition,true,7691,Jagiellonia Białystok,Jagiellonia Białystok,ucl;uel,uel,https://api.sofascore.com/api/v1/unique-tournament/679/season/10391/teams,Name/PM alias matched within Sofascore competition participants
Jamaica,fifa-friendly,114834,,verified_competition,true,4769,Jamaica,Jamaica,fifa-friendly,fifa-friendly,https://api.sofascore.com/api/v1/unique-tournament/851/season/35187/teams,Name/PM alias matched within Sofascore competition participants
Japan,fifa-friendly,114930,,verified_competition,true,4770,Japan,Japan,fifa-friendly,fifa-friendly,https://api.sofascore.com/api/v1/unique-tournament/851/season/35187/teams,Name/PM alias matched within Sofascore competition participants
JK Narva Trans,uel,148081,,verified_competition,true,3343,Narva Trans,Narva Trans,uel,,https://api.sofascore.com/api/v1/search/all?q=JK+Narva+Trans&page=0,Reviewed name variant + API identity
JK Sillamäe Kalev,uel,147828,,verified_competition,true,8092,Sillamäe Kalev,Sillamäe Kalev,uel,,https://api.sofascore.com/api/v1/search/all?q=JK+Sillam%C3%A4e+Kalev&page=0,Reviewed name variant + API identity
Jordan,fifa-friendly,114979,,verified_competition,true,4771,Jordan,Jordan,fifa-friendly,fifa-friendly,https://api.sofascore.com/api/v1/unique-tournament/851/season/35187/teams,Name/PM alias matched within Sofascore competition participants
Juventus FC,sea;ucl;uel,101109;147387;147673,Juventus,verified_competition,true,2687,Juventus,Juventus,sea;ucl;uel,sea;uel,https://api.sofascore.com/api/v1/unique-tournament/23/season/37475/teams,Name/PM alias matched within Sofascore competition participants
K. Sint-Truidense VV,uel,3285257,,verified_competition,true,2895,Sint-Truidense VV,Sint-Truidense VV,uel,uel,https://api.sofascore.com/api/v1/unique-tournament/679/season/96522/events/last/0,Reviewed name variant + API identity
KAA Gent,ucl;uel,147388;147674,,verified_competition,true,2903,KAA Gent,KAA Gent,ucl;uel,,https://api.sofascore.com/api/v1/unique-tournament/679/season/11774/teams,Name/PM alias matched within Sofascore competition participants
Kazakhstan,fifa-friendly,114913,,verified_competition,true,4772,Kazakhstan,Kazakhstan,fifa-friendly,fifa-friendly,https://api.sofascore.com/api/v1/unique-tournament/851/season/35187/teams,Name/PM alias matched within Sofascore competition participants
Kenya,fifa-friendly,114980,,verified_competition,true,4773,Kenya,Kenya,fifa-friendly,fifa-friendly,https://api.sofascore.com/api/v1/unique-tournament/851/season/35187/teams,Name/PM alias matched within Sofascore competition participants
KF Egnatia Rrogozhinë,ucl;uel,147601;3283971,,verified_competition,true,264619,KF Egnatia,KF Egnatia,ucl;uel,ucl;uel,https://api.sofascore.com/api/v1/search/all?q=KF+Egnatia+Rrogozhin%C3%AB&page=0,Reviewed name variant + API identity
KF Laçi,uel,147829,,verified_competition,true,37121,KF Laçi,KF Laçi,uel,,https://api.sofascore.com/api/v1/unique-tournament/679/season/10391/teams,Name/PM alias matched within Sofascore competition participants
KF Llapi,uel,148215,,verified_competition,true,229761,KF Llapi,KF Llapi,uel,,https://api.sofascore.com/api/v1/unique-tournament/679/season/61645/teams,Name/PM alias matched within Sofascore competition participants
KF Renova Djepchishte,uel,147830,,verified_competition,true,5412,FK Renova,FK Renova,uel,,https://api.sofascore.com/api/v1/unique-tournament/679/season/10391/teams,Reviewed name variant + API identity
KF Shkëndija 79,ucl;uel,147476;147831,,verified_competition,true,5413,KF Shkëndija,KF Shkëndija,ucl;uel,,https://api.sofascore.com/api/v1/search/all?q=KF+Shk%C3%ABndija+79&page=0,Reviewed name variant + API identity
KF Skënderbeu Korçë,ucl;uel,147389;147675,,verified_competition,true,5224,KF Skënderbeu,KF Skënderbeu,ucl;uel,,https://api.sofascore.com/api/v1/search/all?q=KF+Sk%C3%ABnderbeu+Kor%C3%A7%C3%AB&page=0,Reviewed name variant + API identity
KF Teuta Durrës,ucl;uel,147528;147950,,verified_competition,true,5417,KF Teuta Durrës,KF Teuta Durrës,ucl;uel,,https://api.sofascore.com/api/v1/unique-tournament/679/season/11774/teams,Name/PM alias matched within Sofascore competition participants
KF Tirana,ucl;uel,147549;148022,,verified_competition,true,5195,KF Tirana,KF Tirana,ucl;uel,,https://api.sofascore.com/api/v1/unique-tournament/679/season/13416/teams,Name/PM alias matched within Sofascore competition participants
KF Trepça '89 Mitrovicë,ucl,147541,,verified_competition,true,229762,KF Trepça '89,KF Trepça '89,ucl,,https://api.sofascore.com/api/v1/search/all?q=Trep%C3%A7a+89&page=0,Reviewed name variant + API identity
KF Valur,ucl;uel,147531;147953,,verified_competition,true,1899,Valur Reykjavík,Valur Reykjavík,ucl;uel,,https://api.sofascore.com/api/v1/unique-tournament/679/season/11774/teams,Reviewed name variant + API identity
KF Víkingur,ucl;uel,147477;147832,,needs_review,false,,,,,,https://api.sofascore.com/api/v1/search/all?q=KF+V%C3%ADkingur&page=0,Short name does not distinguish the Víkingur clubs; requires fixture evidence.
KGHM Zagłębie Lubin,uel,147982,,verified_competition,true,3113,Zagłębie Lubin,Zagłębie Lubin,uel,,https://api.sofascore.com/api/v1/search/all?q=KGHM+Zag%C5%82%C4%99bie+Lubin&page=0,Reviewed name variant + API identity
Kilmarnock FC,uel,148124,,verified_competition,true,2347,Kilmarnock,Kilmarnock,uel,,https://api.sofascore.com/api/v1/unique-tournament/679/season/23755/teams,Name/PM alias matched within Sofascore competition participants
KKS Lech Poznań,ucl;uel,147390;147676,Lech Poznan,verified_competition,true,3121,Lech Poznań,Lech Poznań,ucl;uel,ucl;uel,https://api.sofascore.com/api/v1/unique-tournament/679/season/10391/teams,Name/PM alias matched within Sofascore competition participants
Konyaspor,uel,147980,,verified_competition,true,3085,Konyaspor,Konyaspor,uel,,https://api.sofascore.com/api/v1/unique-tournament/679/season/11774/teams,Name/PM alias matched within Sofascore competition participants
Korea DPR,fifa-friendly,114981,,verified_competition,true,5369,North Korea,North Korea,fifa-friendly,,https://api.sofascore.com/api/v1/search/all?q=Korea+Republic&page=0,Reviewed name variant + API identity
Korea Republic,fifa-friendly,3271553,,verified_competition,true,4735,South Korea,South Korea,fifa-friendly,fifa-friendly,https://api.sofascore.com/api/v1/search/all?q=Korea+Republic&page=0,Reviewed name variant + API identity
Kosovo,fifa-friendly,114982,,verified_competition,true,154426,Kosovo,Kosovo,fifa-friendly,fifa-friendly,https://api.sofascore.com/api/v1/unique-tournament/851/season/35187/teams,Name/PM alias matched within Sofascore competition participants
KR Reykjavík,ucl;uel,147478;147833,,verified_competition,true,1902,KR Reykjavík,KR Reykjavík,ucl;uel,,https://api.sofascore.com/api/v1/unique-tournament/679/season/10391/teams,Name/PM alias matched within Sofascore competition participants
KRC Genk,ucl;uel,147532;147954,,verified_competition,true,2890,KRC Genk,KRC Genk,ucl;uel,,https://api.sofascore.com/api/v1/unique-tournament/679/season/11774/teams,Name/PM alias matched within Sofascore competition participants
KS Luftëtari Gjirokastër,uel,148082,,verified_competition,true,37140,Luftëtari Gjirokastër,Luftëtari Gjirokastër,uel,,https://api.sofascore.com/api/v1/search/all?q=KS+Luft%C3%ABtari+Gjirokast%C3%ABr&page=0,Reviewed name variant + API identity
Kuopion PS,ucl;uel,147562;148083,,verified_competition,true,2244,Kuopion Palloseura,Kuopion Palloseura,ucl;uel,ucl;uel,https://api.sofascore.com/api/v1/unique-tournament/679/season/17352/teams,Reviewed name variant + API identity
Kuwait,fifa-friendly,114983,,verified_competition,true,5368,Kuwait,Kuwait,fifa-friendly,fifa-friendly,https://api.sofascore.com/api/v1/unique-tournament/851/season/35187/teams,Name/PM alias matched within Sofascore competition participants
KV Oostende,uel,148024,,verified_competition,true,4494,KV Oostende,KV Oostende,uel,,https://api.sofascore.com/api/v1/unique-tournament/679/season/13416/teams,Name/PM alias matched within Sofascore competition participants
Kyrgyz Republic,fifa-friendly,114984,,verified_competition,true,7930,Kyrgyzstan,Kyrgyzstan,fifa-friendly,fifa-friendly,https://api.sofascore.com/api/v1/search/all?q=Kyrgyzstan&page=0,Reviewed name variant + API identity
KÍ,ucl;uel,147550;148023,,verified_competition,true,5194,Klaksvíkar Ítróttarfelag,Klaksvíkar Ítróttarfelag,ucl;uel,ucl;uel,https://api.sofascore.com/api/v1/search/all?q=K%C3%8D&page=0,Reviewed name variant + API identity
Kəpəz PFK,uel,147955,,verified_competition,true,37750,Kəpəz PFK,Kəpəz PFK,uel,,https://api.sofascore.com/api/v1/unique-tournament/679/season/11774/teams,Name/PM alias matched within Sofascore competition participants
Lao PDR,fifa-friendly,114985,,verified_competition,true,23486,Laos,Laos,fifa-friendly,,https://api.sofascore.com/api/v1/search/all?q=Laos&page=0,Reviewed name variant + API identity
Larne FC,ucl;uel,147597;3284065,,verified_competition,true,5184,Larne FC,Larne FC,ucl;uel,ucl;uel,https://api.sofascore.com/api/v1/unique-tournament/679/season/96522/teams,Name/PM alias matched within Sofascore competition participants
LASK Linz,ucl;uel,147565;148086,,verified_competition,true,2058,LASK,LASK,ucl;uel,ucl,https://api.sofascore.com/api/v1/search/all?q=LASK+Linz&page=0,Reviewed name variant + API identity
Latvia,fifa-friendly,114914,,verified_competition,true,4706,Latvia,Latvia,fifa-friendly,,https://api.sofascore.com/api/v1/unique-tournament/851/season/35187/teams,Name/PM alias matched within Sofascore competition participants
Le Havre AC,ligue-1,114305,Le Havre,verified_competition,true,1662,Le Havre,Le Havre,ligue-1,ligue-1,https://api.sofascore.com/api/v1/unique-tournament/34/season/52571/teams,Name/PM alias matched within Sofascore competition participants
Le Mans FC,ligue-1,3284804,,verified_competition,true,1672,Le Mans,Le Mans,ligue-1,ligue-1,https://api.sofascore.com/api/v1/unique-tournament/34/season/96127/events/last/0,Name/PM alias matched within Sofascore competition participants
Lebanon,fifa-friendly,114986,,verified_competition,true,4774,Lebanon,Lebanon,fifa-friendly,fifa-friendly,https://api.sofascore.com/api/v1/unique-tournament/851/season/35187/teams,Name/PM alias matched within Sofascore competition participants
Lechia Gdańsk,uel,148129,,verified_competition,true,7913,KS Lechia Gdańsk,KS Lechia Gdańsk,uel,,https://api.sofascore.com/api/v1/search/all?q=Lechia+Gda%C5%84sk&page=0,Reviewed name variant + API identity
Leeds United FC,epl,114264,Leeds,verified_competition,true,34,Leeds United,Leeds United,epl,epl,https://api.sofascore.com/api/v1/unique-tournament/17/season/37036/teams,Name/PM alias matched within Sofascore competition participants
Legia Warszawa,ucl;uel,147479;147834,,verified_competition,true,3106,Legia Warszawa,Legia Warszawa,ucl;uel,,https://api.sofascore.com/api/v1/unique-tournament/679/season/10391/teams,Name/PM alias matched within Sofascore competition participants
Leicester City FC,epl;ucl;uel,100002;147328;147611,Leicester,verified_competition,true,31,Leicester City,Leicester City,epl;ucl;uel,,https://api.sofascore.com/api/v1/unique-tournament/17/season/37036/teams,Name/PM alias matched within Sofascore competition participants
Lesotho,fifa-friendly,114987,,verified_competition,true,8033,Lesotho,Lesotho,fifa-friendly,fifa-friendly,https://api.sofascore.com/api/v1/unique-tournament/851/season/40241/teams,Name/PM alias matched within Sofascore competition participants
Levante UD,la-liga,114298,Levante,verified_competition,true,2849,Levante UD,Levante UD,la-liga,la-liga,https://api.sofascore.com/api/v1/unique-tournament/8/season/37223/teams,Name/PM alias matched within Sofascore competition participants
Liberia,fifa-friendly,114988,,verified_competition,true,8034,Liberia,Liberia,fifa-friendly,fifa-friendly,https://api.sofascore.com/api/v1/unique-tournament/851/season/35187/teams,Name/PM alias matched within Sofascore competition participants
Libya,fifa-friendly,114989,,verified_competition,true,4775,Libya,Libya,fifa-friendly,fifa-friendly,https://api.sofascore.com/api/v1/unique-tournament/851/season/40241/teams,Name/PM alias matched within Sofascore competition participants
Liechtenstein,fifa-friendly,114915,,verified_competition,true,4830,Liechtenstein,Liechtenstein,fifa-friendly,fifa-friendly,https://api.sofascore.com/api/v1/unique-tournament/851/season/35187/teams,Name/PM alias matched within Sofascore competition participants
Liga MX All-Stars,mls,3283402,,needs_review,false,337601,Liga MX All Stars,,,,https://api.sofascore.com/api/v1/search/all?q=Liga+MX+All-Stars&page=0,"Sofascore team exists (337601), but is an all-star selection, not a regular MLS club."
Lille OSC,ligue-1;ucl;uel,114307;147507;147896,Lille,verified_competition,true,1643,Lille,Lille,ligue-1;ucl;uel,ligue-1;ucl,https://api.sofascore.com/api/v1/unique-tournament/34/season/37167/teams,Name/PM alias matched within Sofascore competition participants
Lillestrøm SK,uel,148088,,verified_competition,true,664,Lillestrøm SK,Lillestrøm SK,uel,uel,https://api.sofascore.com/api/v1/unique-tournament/679/season/17352/teams,Name/PM alias matched within Sofascore competition participants
Lincoln Red Imps FC,ucl;uel,147391;147677,,verified_competition,true,126304,Lincoln Red Imps,Lincoln Red Imps,ucl;uel,ucl;uel,https://api.sofascore.com/api/v1/unique-tournament/679/season/13416/teams,Name/PM alias matched within Sofascore competition participants
Linfield FC,ucl;uel,147481;147836,,verified_competition,true,5272,Linfield,Linfield,ucl;uel,,https://api.sofascore.com/api/v1/unique-tournament/679/season/10391/teams,Name/PM alias matched within Sofascore competition participants
Lithuania,fifa-friendly,114916,,verified_competition,true,4776,Lithuania,Lithuania,fifa-friendly,fifa-friendly,https://api.sofascore.com/api/v1/unique-tournament/851/season/35187/teams,Name/PM alias matched within Sofascore competition participants
Liverpool FC,epl;ucl;uel,100017;147329;147612,Liverpool,verified_competition,true,44,Liverpool FC,Liverpool FC,epl;ucl;uel,epl;ucl,https://api.sofascore.com/api/v1/unique-tournament/17/season/37036/teams,Name/PM alias matched within Sofascore competition participants
Llandudno FC,uel,147957,,verified_competition,true,37086,Llandudno FC,Llandudno FC,uel,,https://api.sofascore.com/api/v1/unique-tournament/679/season/11774/teams,Name/PM alias matched within Sofascore competition participants
Los Angeles FC,mls,115077,LAFC,verified_competition,true,274650,Los Angeles FC,Los Angeles FC,mls,mls,https://api.sofascore.com/api/v1/unique-tournament/242/season/35964/teams,Name/PM alias matched within Sofascore competition participants
Los Angeles Galaxy,mls,115061,LA Galaxy,verified_competition,true,2513,LA Galaxy,LA Galaxy,mls,mls,https://api.sofascore.com/api/v1/unique-tournament/242/season/35964/teams,Name/PM alias matched within Sofascore competition participants
Luxembourg,fifa-friendly,114917,,verified_competition,true,4478,Luxembourg,Luxembourg,fifa-friendly,fifa-friendly,https://api.sofascore.com/api/v1/unique-tournament/851/season/35187/teams,Name/PM alias matched within Sofascore competition participants
Lyngby BK,uel,148025,,verified_competition,true,1756,Lyngby,Lyngby,uel,,https://api.sofascore.com/api/v1/unique-tournament/679/season/13416/teams,Name/PM alias matched within Sofascore competition participants
Macau,fifa-friendly,114991,,verified_competition,true,23492,Macau,Macau,fifa-friendly,,https://api.sofascore.com/api/v1/unique-tournament/851/season/47776/teams,Name/PM alias matched within Sofascore competition participants
Madagascar,fifa-friendly,114992,,verified_competition,true,8035,Madagascar,Madagascar,fifa-friendly,fifa-friendly,https://api.sofascore.com/api/v1/unique-tournament/851/season/40241/teams,Name/PM alias matched within Sofascore competition participants
Malawi,fifa-friendly,114994,,verified_competition,true,8043,Malawi,Malawi,fifa-friendly,fifa-friendly,https://api.sofascore.com/api/v1/unique-tournament/851/season/35187/teams,Name/PM alias matched within Sofascore competition participants
Malaysia,fifa-friendly,114995,,verified_competition,true,6912,Malaysia,Malaysia,fifa-friendly,,https://api.sofascore.com/api/v1/unique-tournament/851/season/35187/teams,Name/PM alias matched within Sofascore competition participants
Maldives,fifa-friendly,114996,,verified_competition,true,6911,Maldives,Maldives,fifa-friendly,fifa-friendly,https://api.sofascore.com/api/v1/unique-tournament/851/season/35187/teams,Name/PM alias matched within Sofascore competition participants
Mali,fifa-friendly,114880,,verified_competition,true,4831,Mali,Mali,fifa-friendly,fifa-friendly,https://api.sofascore.com/api/v1/unique-tournament/851/season/35187/teams,Name/PM alias matched within Sofascore competition participants
Malmö FF,ucl;uel,147393;147679,,verified_competition,true,1892,Malmö FF,Malmö FF,ucl;uel,,https://api.sofascore.com/api/v1/unique-tournament/679/season/17352/teams,Name/PM alias matched within Sofascore competition participants
Malta,fifa-friendly,114918,,verified_competition,true,4483,Malta,Malta,fifa-friendly,fifa-friendly,https://api.sofascore.com/api/v1/unique-tournament/851/season/35187/teams,Name/PM alias matched within Sofascore competition participants
Manchester City FC,epl;ucl,100004;147330,Man City;Manchester City,verified_competition,true,17,Manchester City,Manchester City,epl;ucl,epl;ucl,https://api.sofascore.com/api/v1/unique-tournament/17/season/37036/teams,Name/PM alias matched within Sofascore competition participants
Manchester United FC,epl;ucl;uel,100016;147331;147613,Man Utd,verified_competition,true,35,Manchester United,Manchester United,epl;ucl;uel,epl;ucl,https://api.sofascore.com/api/v1/unique-tournament/17/season/37036/teams,Name/PM alias matched within Sofascore competition participants
Mandatory Palestine,fifa-friendly,114997,,needs_review,false,,,,,,https://api.sofascore.com/api/v1/search/all?q=Mandatory+Palestine&page=0,Historical national-team label; do not infer current Palestine identity.
Martinique,fifa-friendly,114889,,verified_competition,true,45485,Martinique,Martinique,fifa-friendly,fifa-friendly,https://api.sofascore.com/api/v1/unique-tournament/851/season/57198/teams,Name/PM alias matched within Sofascore competition participants
Mauritania,fifa-friendly,114998,,verified_competition,true,4779,Mauritania,Mauritania,fifa-friendly,fifa-friendly,https://api.sofascore.com/api/v1/unique-tournament/851/season/35187/teams,Name/PM alias matched within Sofascore competition participants
Mauritius,fifa-friendly,114999,,verified_competition,true,4780,Mauritius,Mauritius,fifa-friendly,,https://api.sofascore.com/api/v1/unique-tournament/851/season/40241/teams,Name/PM alias matched within Sofascore competition participants
Mazatlán FC,mex,115337,Mazatlán,verified_competition,true,1946,Mazatlán FC,Mazatlán FC,mex,,https://api.sofascore.com/api/v1/search/all?q=CA+Morelia&page=0,Name/PM alias matched within Sofascore competition participants
Mexico,fifa-friendly,114835,,verified_competition,true,4781,Mexico,Mexico,fifa-friendly,fifa-friendly,https://api.sofascore.com/api/v1/unique-tournament/851/season/35187/teams,Name/PM alias matched within Sofascore competition participants
MFK Ružomberok,uel,148026,,verified_competition,true,2397,MFK Ružomberok,MFK Ružomberok,uel,,https://api.sofascore.com/api/v1/unique-tournament/679/season/13416/teams,Name/PM alias matched within Sofascore competition participants
MH Beitar Jerusalem,uel,147744,,verified_competition,true,5204,Beitar Jerusalem,Beitar Jerusalem,uel,,https://api.sofascore.com/api/v1/unique-tournament/679/season/10391/teams,Name/PM alias matched within Sofascore competition participants
MH Hapoel Be'er Sheva,ucl;uel,147470;147815,,verified_competition,true,5202,Hapoel Be'er Sheva,Hapoel Be'er Sheva,ucl;uel,ucl;uel,https://api.sofascore.com/api/v1/unique-tournament/679/season/10391/teams,Name/PM alias matched within Sofascore competition participants
MH Hapoel Haifa,uel,148078,,verified_competition,true,5201,Hapoel Haifa,Hapoel Haifa,uel,,https://api.sofascore.com/api/v1/unique-tournament/679/season/17352/teams,Name/PM alias matched within Sofascore competition participants
MH Hapoel Ironi Kiryat Shmona,uel,147816,,verified_competition,true,5399,Hapoel Ironi Kiryat Shmona,Hapoel Ironi Kiryat Shmona,uel,,https://api.sofascore.com/api/v1/unique-tournament/679/season/10391/teams,Name/PM alias matched within Sofascore competition participants
MH Maccabi Haifa,ucl;uel,147533;147956,,verified_competition,true,5197,Maccabi Haifa,Maccabi Haifa,ucl;uel,,https://api.sofascore.com/api/v1/unique-tournament/679/season/11774/teams,Name/PM alias matched within Sofascore competition participants
MH Maccabi Tel Aviv,ucl;uel,147392;147678,Maccabi Tel Aviv,verified_competition,true,5198,Maccabi Tel Aviv,Maccabi Tel Aviv,ucl;uel,uel,https://api.sofascore.com/api/v1/unique-tournament/679/season/11774/teams,Name/PM alias matched within Sofascore competition participants
Minnesota United FC,mls,115076,Minnesota,verified_competition,true,41618,Minnesota United,Minnesota United,mls,mls,https://api.sofascore.com/api/v1/unique-tournament/242/season/35964/teams,Name/PM alias matched within Sofascore competition participants
Mirassol FC,brazil-serie-a,119109,Mirassol,verified_competition,true,21982,Mirassol,Mirassol,brazil-serie-a,brazil-serie-a,https://api.sofascore.com/api/v1/unique-tournament/325/season/72034/events/last/0,Name/PM alias matched within Sofascore competition participants
Mjällby AIF,ucl;uel,3281853;3285256,,verified_competition,true,1783,Mjällby AIF,Mjällby AIF,ucl;uel,ucl;uel,https://api.sofascore.com/api/v1/unique-tournament/679/season/96522/events/last/0,Name/PM alias matched within Sofascore competition participants
MK Bnei Yehuda Tel Aviv,uel,147993,,verified_competition,true,5203,Bnei Yehuda Tel Aviv,Bnei Yehuda Tel Aviv,uel,,https://api.sofascore.com/api/v1/unique-tournament/679/season/13416/teams,Name/PM alias matched within Sofascore competition participants
MK Maccabi Be'er Sheva,uel,148048,,needs_review,false,36273,Maccabi Beer Sheva,,,,https://api.sofascore.com/api/v1/search/all?q=Maccabi+Beer+Sheva&page=0,Maccabi Beer Sheva exists (36273); do not substitute Hapoel Beer Sheva. No checked UEL membership.
MKS Cracovia,uel,147958,,verified_competition,true,4901,KS Cracovia,KS Cracovia,uel,,https://api.sofascore.com/api/v1/search/all?q=MKS+Cracovia&page=0,Reviewed name variant + API identity
MLS All-Stars,mls,3283401,,needs_review,false,24000,MLS All Stars,,,,https://api.sofascore.com/api/v1/search/all?q=MLS+All-Stars&page=0,"Sofascore team exists (24000), but is an all-star selection, not a regular MLS club."
Molde FK,ucl;uel,147394;147680,,verified_competition,true,661,Molde FK,Molde FK,ucl;uel,,https://api.sofascore.com/api/v1/unique-tournament/679/season/10391/teams,Name/PM alias matched within Sofascore competition participants
Moldova,fifa-friendly,114919,,verified_competition,true,4782,Moldova,Moldova,fifa-friendly,fifa-friendly,https://api.sofascore.com/api/v1/unique-tournament/851/season/35187/teams,Name/PM alias matched within Sofascore competition participants
Mongolia,fifa-friendly,115000,,verified_competition,true,23496,Mongolia,Mongolia,fifa-friendly,fifa-friendly,https://api.sofascore.com/api/v1/unique-tournament/851/season/40241/teams,Name/PM alias matched within Sofascore competition participants
Montenegro,fifa-friendly,114920,,verified_competition,true,7139,Montenegro,Montenegro,fifa-friendly,fifa-friendly,https://api.sofascore.com/api/v1/unique-tournament/851/season/35187/teams,Name/PM alias matched within Sofascore competition participants
Montserrat,fifa-friendly,115001,,verified_national_identity,true,21815,Montserrat,Montserrat,,,https://api.sofascore.com/api/v1/search/all?q=Montserrat&page=0,Reviewed name variant + API identity; no membership evidence in the six checked friendly seasons
Morocco,fifa-friendly,114881,,verified_competition,true,4778,Morocco,Morocco,fifa-friendly,fifa-friendly,https://api.sofascore.com/api/v1/unique-tournament/851/season/35187/teams,Name/PM alias matched within Sofascore competition participants
Motherwell FC,uel,148143,,verified_competition,true,2346,Motherwell,Motherwell,uel,,https://api.sofascore.com/api/v1/unique-tournament/679/season/2155/teams,Name/PM alias matched within Sofascore competition participants
Mozambique,fifa-friendly,115002,,verified_competition,true,4783,Mozambique,Mozambique,fifa-friendly,fifa-friendly,https://api.sofascore.com/api/v1/unique-tournament/851/season/40241/teams,Name/PM alias matched within Sofascore competition participants
MS Maccabi Petah Tikva,uel,148216,,verified_competition,true,5333,Maccabi Petach Tikva,Maccabi Petach Tikva,uel,,https://api.sofascore.com/api/v1/unique-tournament/679/season/61645/teams,Reviewed name variant + API identity
MTK Budapest,uel,147838,,verified_competition,true,1915,MTK Budapest,MTK Budapest,uel,,https://api.sofascore.com/api/v1/unique-tournament/679/season/10391/teams,Name/PM alias matched within Sofascore competition participants
Myanmar,fifa-friendly,115003,,verified_competition,true,23484,Myanmar,Myanmar,fifa-friendly,fifa-friendly,https://api.sofascore.com/api/v1/unique-tournament/851/season/35187/teams,Name/PM alias matched within Sofascore competition participants
Málaga CF,la-liga,3284681,,verified_competition,true,2830,Málaga CF,Málaga CF,la-liga,la-liga,https://api.sofascore.com/api/v1/unique-tournament/8/season/97268/events/last/0,Name/PM alias matched within Sofascore competition participants
MŠK Žilina,ucl;uel,147482;147837,,verified_competition,true,2402,MŠK Žilina,MŠK Žilina,ucl;uel,uel,https://api.sofascore.com/api/v1/unique-tournament/679/season/10391/teams,Name/PM alias matched within Sofascore competition participants
Namibia,fifa-friendly,115004,,verified_competition,true,4832,Namibia,Namibia,fifa-friendly,,https://api.sofascore.com/api/v1/unique-tournament/851/season/47776/teams,Name/PM alias matched within Sofascore competition participants
Nashville SC,mls,115080,Nashville,verified_competition,true,337612,Nashville SC,Nashville SC,mls,mls,https://api.sofascore.com/api/v1/unique-tournament/242/season/35964/teams,Name/PM alias matched within Sofascore competition participants
ND Gorica,uel,147959,,verified_competition,true,2409,ND Gorica,ND Gorica,uel,,https://api.sofascore.com/api/v1/unique-tournament/679/season/11774/teams,Name/PM alias matched within Sofascore competition participants
NEC,ucl;uel,3284064;3288540,,verified_competition,true,2962,NEC Nijmegen,NEC Nijmegen,ucl;uel,ucl;uel,https://api.sofascore.com/api/v1/unique-tournament/679/season/96522/events/last/0,Name/PM alias matched within Sofascore competition participants
Neftçi PFK,ucl;uel,147483;147839,,verified_competition,true,5215,Neftçi PFK,Neftçi PFK,ucl;uel,,https://api.sofascore.com/api/v1/search/all?q=PFK+Neftchi&page=0,Name/PM alias matched within Sofascore competition participants
Nepal,fifa-friendly,115005,,verified_competition,true,23489,Nepal,Nepal,fifa-friendly,fifa-friendly,https://api.sofascore.com/api/v1/unique-tournament/851/season/35187/teams,Name/PM alias matched within Sofascore competition participants
Netherlands,fifa-friendly,114921,,verified_competition,true,4705,Netherlands,Netherlands,fifa-friendly,fifa-friendly,https://api.sofascore.com/api/v1/unique-tournament/851/season/35187/teams,Name/PM alias matched within Sofascore competition participants
New Caledonia,fifa-friendly,115006,,verified_competition,true,8045,New Caledonia,New Caledonia,fifa-friendly,,https://api.sofascore.com/api/v1/unique-tournament/851/season/40241/teams,Name/PM alias matched within Sofascore competition participants
New England Revolution,mls,115063,Revolution,verified_competition,true,2511,New England Revolution,New England Revolution,mls,mls,https://api.sofascore.com/api/v1/unique-tournament/242/season/35964/teams,Name/PM alias matched within Sofascore competition participants
New York City FC,mls,115064,NYCFC,verified_competition,true,187643,New York City FC,New York City FC,mls,mls,https://api.sofascore.com/api/v1/unique-tournament/242/season/35964/teams,Name/PM alias matched within Sofascore competition participants
New York Red Bulls,mls,115065,Red Bulls,verified_competition,true,2506,New York Red Bulls,New York Red Bulls,mls,mls,https://api.sofascore.com/api/v1/unique-tournament/242/season/35964/teams,Name/PM alias matched within Sofascore competition participants
New Zealand,fifa-friendly,115007,,verified_competition,true,4784,New Zealand,New Zealand,fifa-friendly,fifa-friendly,https://api.sofascore.com/api/v1/unique-tournament/851/season/35187/teams,Name/PM alias matched within Sofascore competition participants
Newcastle United FC,epl;ucl,100000;147332,Newcastle;Newcastle United,verified_competition,true,39,Newcastle United,Newcastle United,epl;ucl,epl,https://api.sofascore.com/api/v1/unique-tournament/17/season/37036/teams,Name/PM alias matched within Sofascore competition participants
Newtown AFC,uel,147840,,verified_competition,true,4918,Newtown AFC,Newtown AFC,uel,,https://api.sofascore.com/api/v1/unique-tournament/679/season/10391/teams,Name/PM alias matched within Sofascore competition participants
Nicaragua,fifa-friendly,114928,,verified_competition,true,21817,Nicaragua,Nicaragua,fifa-friendly,fifa-friendly,https://api.sofascore.com/api/v1/unique-tournament/851/season/35187/teams,Name/PM alias matched within Sofascore competition participants
Niger,fifa-friendly,115008,,verified_competition,true,8031,Niger,Niger,fifa-friendly,fifa-friendly,https://api.sofascore.com/api/v1/unique-tournament/851/season/35187/teams,Name/PM alias matched within Sofascore competition participants
Nigeria,fifa-friendly,114934,,verified_competition,true,4785,Nigeria,Nigeria,fifa-friendly,fifa-friendly,https://api.sofascore.com/api/v1/unique-tournament/851/season/35187/teams,Name/PM alias matched within Sofascore competition participants
NK Aluminij,uel,3280524,,verified_competition,true,2424,NK Aluminij Kidričevo,NK Aluminij Kidričevo,uel,uel,https://api.sofascore.com/api/v1/unique-tournament/679/season/96522/teams,Name/PM alias matched within Sofascore competition participants
NK Celje,ucl;uel,147485;147843,,verified_competition,true,2413,NK Celje,NK Celje,ucl;uel,ucl;uel,https://api.sofascore.com/api/v1/unique-tournament/679/season/10391/teams,Name/PM alias matched within Sofascore competition participants
NK Domžale,uel,147844,,verified_competition,true,2418,NK Domžale,NK Domžale,uel,,https://api.sofascore.com/api/v1/unique-tournament/679/season/10391/teams,Name/PM alias matched within Sofascore competition participants
NK Lokomotiva Zagreb,ucl;uel,147487;147846,,verified_competition,true,36246,NK Lokomotiva Zagreb,NK Lokomotiva Zagreb,ucl;uel,,https://api.sofascore.com/api/v1/unique-tournament/679/season/10391/teams,Name/PM alias matched within Sofascore competition participants
NK Maribor,ucl;uel,147395;147681,,verified_competition,true,2420,NK Maribor,NK Maribor,ucl;uel,,https://api.sofascore.com/api/v1/unique-tournament/679/season/11774/teams,Name/PM alias matched within Sofascore competition participants
NK Olimpija Ljubljana,ucl;uel,147516;147915,,verified_competition,true,2416,NK Olimpija Ljubljana,NK Olimpija Ljubljana,ucl;uel,,https://api.sofascore.com/api/v1/unique-tournament/679/season/13416/teams,Name/PM alias matched within Sofascore competition participants
NK Osijek,uel,148028,,verified_competition,true,2040,NK Osijek,NK Osijek,uel,,https://api.sofascore.com/api/v1/unique-tournament/679/season/13416/teams,Name/PM alias matched within Sofascore competition participants
NK Rudar Velenje,uel,148090,,verified_competition,true,2412,Rudar Velenje,Rudar Velenje,uel,,https://api.sofascore.com/api/v1/unique-tournament/679/season/17352/teams,Name/PM alias matched within Sofascore competition participants
NK Široki Brijeg,uel,147960,,verified_competition,true,5239,NK Široki Brijeg,NK Široki Brijeg,uel,,https://api.sofascore.com/api/v1/unique-tournament/679/season/11774/teams,Name/PM alias matched within Sofascore competition participants
Noah FA,ucl;uel,147582;148163,,verified_competition,true,262228,FC Noah,FC Noah,ucl;uel,,https://api.sofascore.com/api/v1/unique-tournament/679/season/29343/teams,Name/PM alias matched within Sofascore competition participants
North Macedonia,fifa-friendly,114908,,verified_competition,true,4777,North Macedonia,North Macedonia,fifa-friendly,fifa-friendly,https://api.sofascore.com/api/v1/unique-tournament/851/season/35187/teams,Name/PM alias matched within Sofascore competition participants
Northern Ireland,fifa-friendly,114852,,verified_competition,true,4786,Northern Ireland,Northern Ireland,fifa-friendly,fifa-friendly,https://api.sofascore.com/api/v1/search/all?q=Ireland&page=0,Name/PM alias matched within Sofascore competition participants
Norway,fifa-friendly,114922,,verified_competition,true,4475,Norway,Norway,fifa-friendly,fifa-friendly,https://api.sofascore.com/api/v1/unique-tournament/851/season/35187/teams,Name/PM alias matched within Sofascore competition participants
Nottingham Forest FC,epl;uel,100007;148135,Forest,verified_competition,true,14,Nottingham Forest,Nottingham Forest,epl;uel,epl,https://api.sofascore.com/api/v1/unique-tournament/17/season/41886/teams,Name/PM alias matched within Sofascore competition participants
NSÍ Runavík,uel,147848,,verified_competition,true,5189,NSÍ Runavík,NSÍ Runavík,uel,,https://api.sofascore.com/api/v1/unique-tournament/679/season/10391/teams,Name/PM alias matched within Sofascore competition participants
Nõmme Kalju FC,ucl;uel,147488;147847,,verified_competition,true,8091,Nõmme Kalju,Nõmme Kalju,ucl;uel,,https://api.sofascore.com/api/v1/unique-tournament/679/season/10391/teams,Name/PM alias matched within Sofascore competition participants
NŠ Mura,ucl;uel,147575;148126,,verified_competition,true,213357,NŠ Mura,NŠ Mura,ucl;uel,,https://api.sofascore.com/api/v1/unique-tournament/679/season/23755/teams,Name/PM alias matched within Sofascore competition participants
Odds BK,uel,147849,,verified_competition,true,659,Odds BK,Odds BK,uel,,https://api.sofascore.com/api/v1/unique-tournament/679/season/10391/teams,Name/PM alias matched within Sofascore competition participants
OFI,uel,148182,,verified_competition,true,3241,OFI Crete,OFI Crete,uel,uel,https://api.sofascore.com/api/v1/unique-tournament/679/season/29343/teams,Name/PM alias matched within Sofascore competition participants
OFK Grbalj Radanovići,uel,148091,,needs_review,false,6218,OFK Grbalj,,,,https://api.sofascore.com/api/v1/search/all?q=Grbalj&page=0,"Identity found, but no membership in the checked seasons of its PM-listed leagues; review scope."
OFK Titograd,ucl;uel,147463;147796,,verified_competition,true,6221,OFK Titograd Podgorica,OFK Titograd Podgorica,ucl;uel,,https://api.sofascore.com/api/v1/search/all?q=OFK+Titograd&page=0,Reviewed name variant + API identity
OGC Nice,ligue-1;ucl;uel,114314;147508;147897,Nice,verified_competition,true,1661,Nice,Nice,ligue-1;ucl;uel,ligue-1,https://api.sofascore.com/api/v1/unique-tournament/34/season/37167/teams,Name/PM alias matched within Sofascore competition participants
Olympiakós SFP,ucl;uel,147397;147683,,verified_competition,true,3245,Olympiacos FC,Olympiacos FC,ucl;uel,ucl;uel,https://api.sofascore.com/api/v1/unique-tournament/679/season/10391/teams,Reviewed name variant + API identity
Olympique de Marseille,ligue-1;ucl;uel,114310;147489;147850,Marseille,verified_competition,true,1641,Olympique de Marseille,Olympique de Marseille,ligue-1;ucl;uel,ligue-1;uel,https://api.sofascore.com/api/v1/unique-tournament/34/season/37167/teams,Name/PM alias matched within Sofascore competition participants
Olympique Lyonnais,ligue-1;ucl;uel,114309;147396;147682,Lyon,verified_competition,true,1649,Olympique Lyonnais,Olympique Lyonnais,ligue-1;ucl;uel,ligue-1;ucl;uel,https://api.sofascore.com/api/v1/unique-tournament/34/season/37167/teams,Name/PM alias matched within Sofascore competition participants
Oman,fifa-friendly,115009,,verified_competition,true,4787,Oman,Oman,fifa-friendly,fifa-friendly,https://api.sofascore.com/api/v1/unique-tournament/851/season/35187/teams,Name/PM alias matched within Sofascore competition participants
Ordabasy FK,ucl;uel,147464;147798,,verified_competition,true,5366,FC Ordabasy,FC Ordabasy,ucl;uel,,https://api.sofascore.com/api/v1/unique-tournament/679/season/10391/teams,Name/PM alias matched within Sofascore competition participants
Orlando City SC,mls,115066,Orlando,verified_competition,true,52237,Orlando City SC,Orlando City SC,mls,mls,https://api.sofascore.com/api/v1/unique-tournament/242/season/35964/teams,Name/PM alias matched within Sofascore competition participants
Paderborn,bundesliga,3276235,,verified_competition,true,2561,SC Paderborn 07,SC Paderborn 07,bundesliga,bundesliga,https://api.sofascore.com/api/v1/unique-tournament/35/season/77333/events/last/0,Name/PM alias matched within Sofascore competition participants
Paide Linnameeskond,uel,148166,,verified_competition,true,32476,Paide Linnameeskond,Paide Linnameeskond,uel,,https://api.sofascore.com/api/v1/unique-tournament/679/season/29343/teams,Name/PM alias matched within Sofascore competition participants
Pakistan,fifa-friendly,115010,,verified_competition,true,6081,Pakistan,Pakistan,fifa-friendly,fifa-friendly,https://api.sofascore.com/api/v1/unique-tournament/851/season/40241/teams,Name/PM alias matched within Sofascore competition participants
Paksi FC,uel,148218,,verified_competition,true,6059,Paksi FC,Paksi FC,uel,,https://api.sofascore.com/api/v1/unique-tournament/679/season/3403/teams,Name/PM alias matched within Sofascore competition participants
Palau,fifa-friendly,115049,,verified_national_identity,true,1095999,Palau,Palau,,,https://api.sofascore.com/api/v1/search/all?q=Palau&page=0,Reviewed name variant + API identity; no membership evidence in the six checked friendly seasons
Palestine,fifa-friendly,115011,,verified_competition,true,4788,Palestine,Palestine,fifa-friendly,fifa-friendly,https://api.sofascore.com/api/v1/unique-tournament/851/season/35187/teams,Name/PM alias matched within Sofascore competition participants
Panama,fifa-friendly,114836,,verified_competition,true,5164,Panama,Panama,fifa-friendly,fifa-friendly,https://api.sofascore.com/api/v1/unique-tournament/851/season/35187/teams,Name/PM alias matched within Sofascore competition participants
Panathinaikós AO,ucl;uel,147398;147684,Panathinaikos,verified_competition,true,3248,Panathinaikos FC,Panathinaikos FC,ucl;uel,,https://api.sofascore.com/api/v1/unique-tournament/679/season/10391/teams,Name/PM alias matched within Sofascore competition participants
Paniónios GSS,uel,148031,,verified_competition,true,3247,GSS Panionios,GSS Panionios,uel,,https://api.sofascore.com/api/v1/unique-tournament/679/season/13416/teams,Name/PM alias matched within Sofascore competition participants
PAOK,ucl;uel,147491;147857,,verified_competition,true,3251,PAOK,PAOK,ucl;uel,uel,https://api.sofascore.com/api/v1/unique-tournament/679/season/10391/teams,Name/PM alias matched within Sofascore competition participants
Papua New Guinea,fifa-friendly,115012,,verified_competition,true,23495,Papua New Guinea,Papua New Guinea,fifa-friendly,,https://api.sofascore.com/api/v1/unique-tournament/851/season/40241/teams,Name/PM alias matched within Sofascore competition participants
Paraguay,fifa-friendly,114837,,verified_competition,true,4789,Paraguay,Paraguay,fifa-friendly,fifa-friendly,https://api.sofascore.com/api/v1/unique-tournament/851/season/35187/teams,Name/PM alias matched within Sofascore competition participants
Paraná Clube,brazil-serie-a,119101,Paraná,verified_competition,true,1965,Paraná Clube,Paraná Clube,brazil-serie-a,,https://api.sofascore.com/api/v1/search/all?q=Paran%C3%A1&page=0,Reviewed name variant + API identity
Paris FC,ligue-1,114316,Paris FC,verified_competition,true,6070,Paris FC,Paris FC,ligue-1,ligue-1,https://api.sofascore.com/api/v1/unique-tournament/34/season/37167/teams,Name/PM alias matched within Sofascore competition participants
Paris Saint-Germain FC,ligue-1;ucl,114315;147399,PSG;Paris Saint Germain,verified_competition,true,1644,Paris Saint-Germain,Paris Saint-Germain,ligue-1;ucl,ligue-1;ucl,https://api.sofascore.com/api/v1/unique-tournament/34/season/37167/teams,Name/PM alias matched within Sofascore competition participants
Parma Calcio 1913,sea,101124,Parma,verified_competition,true,2690,Parma,Parma,sea,sea,https://api.sofascore.com/api/v1/unique-tournament/23/season/63515/teams,Name/PM alias matched within Sofascore competition participants
PAS Giánnina,uel,147964,,verified_competition,true,6349,PAS Giannina,PAS Giannina,uel,,https://api.sofascore.com/api/v1/unique-tournament/679/season/11774/teams,Name/PM alias matched within Sofascore competition participants
Peru,fifa-friendly,114838,,verified_competition,true,4790,Peru,Peru,fifa-friendly,fifa-friendly,https://api.sofascore.com/api/v1/unique-tournament/851/season/40241/teams,Name/PM alias matched within Sofascore competition participants
PFK Arsenal Tula,uel,147917,,verified_competition,true,35301,Arsenal Tula,Arsenal Tula,uel,,https://api.sofascore.com/api/v1/unique-tournament/679/season/23755/teams,Name/PM alias matched within Sofascore competition participants
PFK Beroe Stara Zagora,uel,147859,,verified_competition,true,3281,Beroe Stara Zagora,Beroe Stara Zagora,uel,,https://api.sofascore.com/api/v1/unique-tournament/679/season/10391/teams,Name/PM alias matched within Sofascore competition participants
PFK Botev Plovdiv,uel,148008,,verified_competition,true,5241,Botev Plovdiv,Botev Plovdiv,uel,,https://api.sofascore.com/api/v1/unique-tournament/679/season/13416/teams,Name/PM alias matched within Sofascore competition participants
PFK Cherno More Varna,uel,147860,,verified_competition,true,3280,Cherno More Varna,Cherno More Varna,uel,,https://api.sofascore.com/api/v1/unique-tournament/679/season/10391/teams,Name/PM alias matched within Sofascore competition participants
PFK CSKA Moskva,ucl;uel,147400;147685,,verified_competition,true,2325,CSKA Moscow,CSKA Moscow,ucl;uel,,https://api.sofascore.com/api/v1/unique-tournament/679/season/13416/teams,Reviewed name variant + API identity
PFK CSKA Sofia,uel,148033,,verified_competition,true,3275,CSKA Sofia,CSKA Sofia,uel,uel,https://api.sofascore.com/api/v1/unique-tournament/679/season/17352/teams,Name/PM alias matched within Sofascore competition participants
PFK Levski Sofia,ucl;uel,3280492;147967,,verified_competition,true,3273,Levski Sofia,Levski Sofia,ucl;uel,ucl;uel,https://api.sofascore.com/api/v1/unique-tournament/679/season/11774/teams,Name/PM alias matched within Sofascore competition participants
PFK Lokomotiv Plovdiv,uel,148116,,verified_competition,true,3272,Lokomotiv Plovdiv,Lokomotiv Plovdiv,uel,,https://api.sofascore.com/api/v1/unique-tournament/679/season/23755/teams,Name/PM alias matched within Sofascore competition participants
PFK Ludogorets 1945 Razgrad,ucl;uel,147401;147686,,verified_competition,true,43840,Ludogorets,Ludogorets,ucl;uel,,https://api.sofascore.com/api/v1/unique-tournament/679/season/11774/teams,Reviewed name variant + API identity
PFK Neftchi,uel,148192,,verified_competition,true,5215,Neftçi PFK,Neftçi PFK,uel,,https://api.sofascore.com/api/v1/search/all?q=PFK+Neftchi&page=0,Reviewed name variant + API identity
PFK Slavia Sofia,uel,147969,,verified_competition,true,3274,Slavia Sofia,Slavia Sofia,uel,,https://api.sofascore.com/api/v1/unique-tournament/679/season/11774/teams,Name/PM alias matched within Sofascore competition participants
Philadelphia Union,mls,115067,Union,verified_competition,true,39833,Philadelphia Union,Philadelphia Union,mls,mls,https://api.sofascore.com/api/v1/unique-tournament/242/season/35964/teams,Name/PM alias matched within Sofascore competition participants
Philippines,fifa-friendly,115013,,verified_competition,true,4791,Philippines,Philippines,fifa-friendly,fifa-friendly,https://api.sofascore.com/api/v1/unique-tournament/851/season/40241/teams,Name/PM alias matched within Sofascore competition participants
Pisa SC,sea,114300,Pisa,verified_competition,true,2737,Pisa,Pisa,sea,,https://api.sofascore.com/api/v1/unique-tournament/23/season/76457/events/last/0,Name/PM alias matched within Sofascore competition participants
Poland,fifa-friendly,114853,,verified_competition,true,4703,Poland,Poland,fifa-friendly,fifa-friendly,https://api.sofascore.com/api/v1/unique-tournament/851/season/35187/teams,Name/PM alias matched within Sofascore competition participants
Portland Timbers,mls,115068,Timbers,verified_competition,true,22007,Portland Timbers,Portland Timbers,mls,mls,https://api.sofascore.com/api/v1/unique-tournament/242/season/35964/teams,Name/PM alias matched within Sofascore competition participants
Portugal,fifa-friendly,114854,,verified_competition,true,4704,Portugal,Portugal,fifa-friendly,fifa-friendly,https://api.sofascore.com/api/v1/unique-tournament/851/season/35187/teams,Name/PM alias matched within Sofascore competition participants
PSV,ucl;uel,147402;147687,PSV Eindhoven,verified_competition,true,2952,PSV Eindhoven,PSV Eindhoven,ucl;uel,ucl,https://api.sofascore.com/api/v1/unique-tournament/679/season/13416/teams,Name/PM alias matched within Sofascore competition participants
Puerto Rico,fifa-friendly,115014,,verified_competition,true,21818,Puerto Rico,Puerto Rico,fifa-friendly,fifa-friendly,https://api.sofascore.com/api/v1/unique-tournament/851/season/35187/teams,Name/PM alias matched within Sofascore competition participants
Pumas de la UNAM,mex,115330,Pumas UNAM,verified_competition,true,1933,Pumas UNAM,Pumas UNAM,mex,mex,https://api.sofascore.com/api/v1/unique-tournament/11620/season/10355/teams,Name/PM alias matched within Sofascore competition participants
Puskás Akadémia FC,uel,148165,,verified_competition,true,25596,Puskás Akadémia,Puskás Akadémia,uel,,https://api.sofascore.com/api/v1/unique-tournament/679/season/29343/teams,Name/PM alias matched within Sofascore competition participants
Pyunik FA,ucl;uel,147364;147650,,verified_competition,true,5214,Pyunik Yerevan,Pyunik Yerevan,ucl;uel,,https://api.sofascore.com/api/v1/unique-tournament/679/season/11774/teams,Name/PM alias matched within Sofascore competition participants
Páfos FC,ucl;uel,147603;148217,,verified_competition,true,171626,Pafos FC,Pafos FC,ucl;uel,uel,https://api.sofascore.com/api/v1/unique-tournament/679/season/61645/teams,Name/PM alias matched within Sofascore competition participants
Qairat FK,ucl;uel,147459;147789,FC Kairat Almaty,verified_competition,true,5172,FC Kairat Almaty,FC Kairat Almaty,ucl;uel,ucl;uel,https://api.sofascore.com/api/v1/unique-tournament/679/season/10391/teams,Name/PM alias matched within Sofascore competition participants
Qaisar FK,uel,148183,,verified_competition,true,36142,FC Kaysar,FC Kaysar,uel,,https://api.sofascore.com/api/v1/search/all?q=Qaisar+FK&page=0,Reviewed name variant + API identity
Qarabağ Ağdam FK,ucl;uel,147403;147688,Qarabag,verified_competition,true,5962,Qarabağ FK,Qarabağ FK,ucl;uel,uel,https://api.sofascore.com/api/v1/unique-tournament/679/season/10391/teams,Name/PM alias matched within Sofascore competition participants
Qatar,fifa-friendly,115015,,verified_competition,true,4792,Qatar,Qatar,fifa-friendly,fifa-friendly,https://api.sofascore.com/api/v1/unique-tournament/851/season/35187/teams,Name/PM alias matched within Sofascore competition participants
Querétaro FC,mex,115331,Querétaro,verified_competition,true,1951,Querétaro FC,Querétaro FC,mex,mex,https://api.sofascore.com/api/v1/unique-tournament/11620/season/10355/teams,Name/PM alias matched within Sofascore competition participants
Qəbələ İK,uel,147862,,verified_competition,true,36952,Qəbələ FK,Qəbələ FK,uel,,https://api.sofascore.com/api/v1/unique-tournament/679/season/10391/teams,Reviewed name variant + API identity
Racing Club de Lens,ligue-1;ucl;uel,114306;147576;148138,Lens,verified_competition,true,1648,RC Lens,RC Lens,ligue-1;ucl;uel,ligue-1;ucl,https://api.sofascore.com/api/v1/unique-tournament/34/season/37167/teams,Name/PM alias matched within Sofascore competition participants
Racing FC Union Lëtzebuerg,uel,148092,,verified_competition,true,5261,Racing FC Union Luxembourg,Racing FC Union Luxembourg,uel,,https://api.sofascore.com/api/v1/unique-tournament/679/season/17352/teams,Reviewed name variant + API identity
Rams Başakşehir FK,ucl;uel,147474;147826,,verified_competition,true,3086,Başakşehir FK,Başakşehir FK,ucl;uel,,https://api.sofascore.com/api/v1/unique-tournament/679/season/10391/teams,Reviewed name variant + API identity
Randers FC,uel,147863,,verified_competition,true,1301,Randers FC,Randers FC,uel,,https://api.sofascore.com/api/v1/unique-tournament/679/season/10391/teams,Name/PM alias matched within Sofascore competition participants
Rangers FC,ucl;uel,147551;148035,Rangers,verified_competition,true,2351,Rangers,Rangers,ucl;uel,uel,https://api.sofascore.com/api/v1/unique-tournament/679/season/13416/teams,Name/PM alias matched within Sofascore competition participants
Rayo Vallecano de Madrid,la-liga,101046,Rayo Vallecano,verified_competition,true,2818,Rayo Vallecano,Rayo Vallecano,la-liga,la-liga,https://api.sofascore.com/api/v1/unique-tournament/8/season/37223/teams,Name/PM alias matched within Sofascore competition participants
RB Leipzig,bundesliga;ucl;uel,101134;147513;147910,Leipzig,verified_competition,true,36360,RB Leipzig,RB Leipzig,bundesliga;ucl;uel,bundesliga;ucl,https://api.sofascore.com/api/v1/unique-tournament/35/season/37166/teams,Name/PM alias matched within Sofascore competition participants
RC Celta de Vigo,la-liga;uel,101044;147704,Celta;Celta de Vigo,verified_competition,true,2821,Celta Vigo,Celta Vigo,la-liga;uel,la-liga;uel,https://api.sofascore.com/api/v1/unique-tournament/679/season/11774/teams,Name/PM alias matched within Sofascore competition participants
RC Deportivo A Coruña,la-liga,3284602,,verified_competition,true,2832,Deportivo de A Coruña,Deportivo de A Coruña,la-liga,la-liga,https://api.sofascore.com/api/v1/unique-tournament/8/season/97268/events/last/0,Name/PM alias matched within Sofascore competition participants
RC Gent,uel,148134,,needs_review,false,115145,R RC Gent-Zeehaven,,,,https://api.sofascore.com/api/v1/search/all?q=RC+Gent&page=0,"Search finds R RC Gent-Zeehaven (115145), not KAA Gent (2903); no membership evidence in checked UEL seasons."
RC Strasbourg Alsace,ligue-1;uel,114318;147985,Strasbourg,verified_competition,true,1659,RC Strasbourg,RC Strasbourg,ligue-1;uel,ligue-1,https://api.sofascore.com/api/v1/unique-tournament/34/season/37167/teams,Name/PM alias matched within Sofascore competition participants
RCD Espanyol de Barcelona,la-liga;uel,101033;147705,Espanyol,verified_competition,true,2814,Espanyol,Espanyol,la-liga;uel,la-liga,https://api.sofascore.com/api/v1/unique-tournament/679/season/23755/teams,Name/PM alias matched within Sofascore competition participants
RCD Mallorca,la-liga,101037,Mallorca,verified_competition,true,2826,Mallorca,Mallorca,la-liga,,https://api.sofascore.com/api/v1/unique-tournament/8/season/37223/teams,Name/PM alias matched within Sofascore competition participants
Real Betis Balompié,la-liga;ucl;uel,101030;3287084;147706,Betis,verified_competition,true,2816,Real Betis,Real Betis,la-liga;ucl;uel,la-liga;ucl,https://api.sofascore.com/api/v1/unique-tournament/679/season/17352/teams,Name/PM alias matched within Sofascore competition participants
Real Madrid CF,la-liga;ucl,101034;147404,Real Madrid,verified_competition,true,2829,Real Madrid,Real Madrid,la-liga;ucl,la-liga;ucl,https://api.sofascore.com/api/v1/unique-tournament/7/season/10390/teams,Name/PM alias matched within Sofascore competition participants
Real Oviedo,la-liga,114296,Oviedo,verified_competition,true,2851,Real Oviedo,Real Oviedo,la-liga,,https://api.sofascore.com/api/v1/unique-tournament/8/season/77559/events/last/0,Name/PM alias matched within Sofascore competition participants
Real Racing Club,la-liga,3284301,,verified_competition,true,2835,Real Racing Club,Real Racing Club,la-liga,la-liga,https://api.sofascore.com/api/v1/unique-tournament/8/season/97268/events/last/0,Name/PM alias matched within Sofascore competition participants
Real Salt Lake,mls,115069,RSL,verified_competition,true,5133,Real Salt Lake,Real Salt Lake,mls,mls,https://api.sofascore.com/api/v1/unique-tournament/242/season/35964/teams,Name/PM alias matched within Sofascore competition participants
Real Sociedad de Fútbol,la-liga;ucl;uel,101045;147417;147707,Real Sociedad,verified_competition,true,2824,Real Sociedad,Real Sociedad,la-liga;ucl;uel,la-liga;uel,https://api.sofascore.com/api/v1/unique-tournament/679/season/13416/teams,Name/PM alias matched within Sofascore competition participants
Real Valladolid CF,la-liga,101105,Valladolid,verified_competition,true,2831,Real Valladolid,Real Valladolid,la-liga,,https://api.sofascore.com/api/v1/unique-tournament/8/season/42409/teams,Name/PM alias matched within Sofascore competition participants
Red Bull Bragantino,brazil-serie-a,119105,Bragantino,verified_competition,true,1999,Red Bull Bragantino,Red Bull Bragantino,brazil-serie-a,brazil-serie-a,https://api.sofascore.com/api/v1/unique-tournament/325/season/27591/teams,Name/PM alias matched within Sofascore competition participants
Republic of Ireland,fifa-friendly,114855,,verified_competition,true,4693,Ireland,Ireland,fifa-friendly,fifa-friendly,https://api.sofascore.com/api/v1/search/all?q=Ireland&page=0,Reviewed name variant + API identity
Rio Ave FC,uel,147970,,verified_competition,true,3036,Rio Ave,Rio Ave,uel,,https://api.sofascore.com/api/v1/unique-tournament/679/season/11774/teams,Name/PM alias matched within Sofascore competition participants
RKS Raków Częstochowa,ucl;uel,147598;148202,,verified_competition,true,35268,Raków Częstochowa,Raków Częstochowa,ucl;uel,,https://api.sofascore.com/api/v1/unique-tournament/679/season/53654/teams,Name/PM alias matched within Sofascore competition participants
ROC Charleroi,uel,148189,,needs_review,false,,,,,,https://api.sofascore.com/api/v1/search/all?q=ROC+Charleroi&page=0,Only a youth result from exact search; do not substitute RC Sporting Charleroi.
Romania,fifa-friendly,114856,,verified_competition,true,4477,Romania,Romania,fifa-friendly,fifa-friendly,https://api.sofascore.com/api/v1/unique-tournament/851/season/35187/teams,Name/PM alias matched within Sofascore competition participants
Rosenborg BK,ucl;uel,147492;147864,,verified_competition,true,1161,Rosenborg BK,Rosenborg BK,ucl;uel,,https://api.sofascore.com/api/v1/unique-tournament/679/season/10391/teams,Name/PM alias matched within Sofascore competition participants
Rovaniemen PS,uel,147971,,verified_competition,true,2250,RoPS,RoPS,uel,,https://api.sofascore.com/api/v1/unique-tournament/679/season/11774/teams,Reviewed name variant + API identity
Royal Antwerp FC,ucl;uel,147572;148117,,verified_competition,true,2889,Royal Antwerp FC,Royal Antwerp FC,ucl;uel,,https://api.sofascore.com/api/v1/unique-tournament/679/season/23755/teams,Name/PM alias matched within Sofascore competition participants
Royal Standard de Liège,ucl;uel,147493;147865,,verified_competition,true,2901,Standard Liège,Standard Liège,ucl;uel,,https://api.sofascore.com/api/v1/unique-tournament/679/season/10391/teams,Reviewed name variant + API identity
RSC Anderlecht,ucl;uel,147494;147866,,verified_competition,true,2900,RSC Anderlecht,RSC Anderlecht,ucl;uel,uel,https://api.sofascore.com/api/v1/unique-tournament/679/season/10391/teams,Name/PM alias matched within Sofascore competition participants
RU Saint-Gilloise,ucl;uel,147591;148196,Union St. Gilloise,verified_competition,true,4860,Royale Union Saint-Gilloise,Royale Union Saint-Gilloise,ucl;uel,ucl;uel,https://api.sofascore.com/api/v1/search/all?q=Union+St.+Gilloise&page=0,Reviewed name variant + API identity
Russia,fifa-friendly,114857,,verified_competition,true,4694,Russia,Russia,fifa-friendly,fifa-friendly,https://api.sofascore.com/api/v1/unique-tournament/851/season/35187/teams,Name/PM alias matched within Sofascore competition participants
Rwanda,fifa-friendly,115016,,verified_competition,true,8037,Rwanda,Rwanda,fifa-friendly,fifa-friendly,https://api.sofascore.com/api/v1/unique-tournament/851/season/35187/teams,Name/PM alias matched within Sofascore competition participants
RZ Pellets Wolfsberger AC,uel,147893,,verified_competition,true,2076,Wolfsberger AC,Wolfsberger AC,uel,,https://api.sofascore.com/api/v1/unique-tournament/679/season/10391/teams,Reviewed name variant + API identity
Réunion,fifa-friendly,115050,,verified_national_identity,true,1122207,Réunion,Réunion,,,https://api.sofascore.com/api/v1/search/all?q=R%C3%A9union&page=0,Reviewed name variant + API identity; no membership evidence in the six checked friendly seasons
Rīga FC,ucl;uel,147566;148094,,verified_competition,true,162368,Riga FC,Riga FC,ucl;uel,ucl,https://api.sofascore.com/api/v1/unique-tournament/679/season/17352/teams,Name/PM alias matched within Sofascore competition participants
Sabah FK,ucl;uel,3280333;148210,,verified_competition,true,267828,Sabah FK,Sabah FK,ucl;uel,ucl,https://api.sofascore.com/api/v1/unique-tournament/679/season/76984/teams,Name/PM alias matched within Sofascore competition participants
Saint-Martin,fifa-friendly,115051,,verified_competition,true,33812,Saint Martin,Saint Martin,fifa-friendly,fifa-friendly,https://api.sofascore.com/api/v1/unique-tournament/851/season/69578/teams,Name/PM alias matched within Sofascore competition participants
Samoa,fifa-friendly,115017,,verified_national_identity,true,23473,Samoa,Samoa,,,https://api.sofascore.com/api/v1/search/all?q=Samoa&page=0,Reviewed name variant + API identity; no membership evidence in the six checked friendly seasons
Samsunspor,uel,148205,,verified_competition,true,3053,Samsunspor,Samsunspor,uel,,https://api.sofascore.com/api/v1/unique-tournament/679/season/76984/teams,Name/PM alias matched within Sofascore competition participants
San Diego FC,mls,115084,San Diego,verified_competition,true,1043961,San Diego FC,San Diego FC,mls,mls,https://api.sofascore.com/api/v1/unique-tournament/242/season/70158/events/last/0,Name/PM alias matched within Sofascore competition participants
San Jose Earthquakes,mls,115070,Quakes,verified_competition,true,21825,San Jose Earthquakes,San Jose Earthquakes,mls,mls,https://api.sofascore.com/api/v1/unique-tournament/242/season/35964/teams,Name/PM alias matched within Sofascore competition participants
San Marino,fifa-friendly,114923,,verified_competition,true,4833,San Marino,San Marino,fifa-friendly,fifa-friendly,https://api.sofascore.com/api/v1/unique-tournament/851/season/35187/teams,Name/PM alias matched within Sofascore competition participants
Santa Cruz FC,brazil-serie-a,119088,Santa Cruz,verified_competition,true,1976,Santa Cruz,Santa Cruz,brazil-serie-a,,https://api.sofascore.com/api/v1/search/all?q=Santa+Cruz&page=0,Reviewed name variant + API identity
Santos FC,brazil-serie-a,119089,Santos,verified_competition,true,1968,Santos,Santos,brazil-serie-a,brazil-serie-a,https://api.sofascore.com/api/v1/unique-tournament/325/season/10173/teams,Name/PM alias matched within Sofascore competition participants
Sarpsborg 08 FF,uel,148096,,verified_competition,true,822,Sarpsborg 08,Sarpsborg 08,uel,,https://api.sofascore.com/api/v1/unique-tournament/679/season/17352/teams,Name/PM alias matched within Sofascore competition participants
Saudi Arabia,fifa-friendly,114933,,verified_competition,true,4834,Saudi Arabia,Saudi Arabia,fifa-friendly,fifa-friendly,https://api.sofascore.com/api/v1/unique-tournament/851/season/35187/teams,Name/PM alias matched within Sofascore competition participants
SBV Vitesse,uel,147725,,verified_competition,true,2958,Vitesse,Vitesse,uel,,https://api.sofascore.com/api/v1/unique-tournament/679/season/10391/teams,Reviewed name variant + API identity
SC Braga,ucl;uel,147501;147877,,verified_competition,true,2999,Sporting Braga,Sporting Braga,ucl;uel,,https://api.sofascore.com/api/v1/unique-tournament/679/season/10391/teams,Name/PM alias matched within Sofascore competition participants
SC Corinthians Paulista,brazil-serie-a,119092,Corinthians,verified_competition,true,1957,Corinthians,Corinthians,brazil-serie-a,brazil-serie-a,https://api.sofascore.com/api/v1/unique-tournament/325/season/10173/teams,Name/PM alias matched within Sofascore competition participants
SC Freiburg,bundesliga;uel,101130;147911,Freiburg,verified_competition,true,2538,SC Freiburg,SC Freiburg,bundesliga;uel,bundesliga,https://api.sofascore.com/api/v1/unique-tournament/35/season/37166/teams,Name/PM alias matched within Sofascore competition participants
SC Gjilani,uel,148155,,verified_competition,true,229758,SC Gjilani,SC Gjilani,uel,,https://api.sofascore.com/api/v1/unique-tournament/679/season/23755/teams,Name/PM alias matched within Sofascore competition participants
SC Internacional,brazil-serie-a,119093,Internacional,verified_competition,true,1966,Internacional,Internacional,brazil-serie-a,brazil-serie-a,https://api.sofascore.com/api/v1/unique-tournament/325/season/10173/teams,Name/PM alias matched within Sofascore competition participants
SC Paderborn 07,bundesliga,3285310,,verified_competition,true,2561,SC Paderborn 07,SC Paderborn 07,bundesliga,bundesliga,https://api.sofascore.com/api/v1/unique-tournament/35/season/77333/events/last/0,Name/PM alias matched within Sofascore competition participants
SC Recife,brazil-serie-a,119094,Sport Recife,verified_competition,true,1959,Sport Recife,Sport Recife,brazil-serie-a,,https://api.sofascore.com/api/v1/unique-tournament/325/season/10173/teams,Name/PM alias matched within Sofascore competition participants
SC Rheindorf Altach,uel,147868,,verified_competition,true,4856,SCR Altach,SCR Altach,uel,,https://api.sofascore.com/api/v1/unique-tournament/679/season/10391/teams,Name/PM alias matched within Sofascore competition participants
SC União Torreense,uel,3288541,,verified_competition,true,25787,Torreense,Torreense,uel,uel,https://api.sofascore.com/api/v1/unique-tournament/679/season/96522/events/last/0,Reviewed name variant + API identity
Scotland,fifa-friendly,114924,,verified_competition,true,4695,Scotland,Scotland,fifa-friendly,fifa-friendly,https://api.sofascore.com/api/v1/unique-tournament/851/season/35187/teams,Name/PM alias matched within Sofascore competition participants
SE Palmeiras,brazil-serie-a,119095,Palmeiras,verified_competition,true,1963,Palmeiras,Palmeiras,brazil-serie-a,brazil-serie-a,https://api.sofascore.com/api/v1/unique-tournament/325/season/10173/teams,Name/PM alias matched within Sofascore competition participants
Seattle Sounders FC,mls,115071,Sounders,verified_competition,true,22009,Seattle Sounders FC,Seattle Sounders FC,mls,mls,https://api.sofascore.com/api/v1/unique-tournament/242/season/35964/teams,Name/PM alias matched within Sofascore competition participants
Seinäjoen JK,ucl;uel,147495;147869,,verified_competition,true,22395,SJK,SJK,ucl;uel,,https://api.sofascore.com/api/v1/search/all?q=Sein%C3%A4joen+JK&page=0,Reviewed name variant + API identity
Senegal,fifa-friendly,114882,,verified_competition,true,4739,Senegal,Senegal,fifa-friendly,fifa-friendly,https://api.sofascore.com/api/v1/unique-tournament/851/season/35187/teams,Name/PM alias matched within Sofascore competition participants
Serbia,fifa-friendly,114925,,verified_competition,true,6355,Serbia,Serbia,fifa-friendly,fifa-friendly,https://api.sofascore.com/api/v1/unique-tournament/851/season/35187/teams,Name/PM alias matched within Sofascore competition participants
Servette FC,ucl;uel,147579;148144,,verified_competition,true,2448,Servette FC,Servette FC,ucl;uel,,https://api.sofascore.com/api/v1/unique-tournament/679/season/29343/teams,Name/PM alias matched within Sofascore competition participants
Sevilla FC,la-liga;ucl;uel,101040;147405;147689,Sevilla,verified_competition,true,2833,Sevilla,Sevilla,la-liga;ucl;uel,la-liga,https://api.sofascore.com/api/v1/unique-tournament/679/season/10391/teams,Name/PM alias matched within Sofascore competition participants
Seychelles,fifa-friendly,115019,,verified_competition,true,8038,Seychelles,Seychelles,fifa-friendly,,https://api.sofascore.com/api/v1/unique-tournament/851/season/35187/teams,Name/PM alias matched within Sofascore competition participants
Shamrock Rovers FC,ucl;uel,147496;147870,,verified_competition,true,3177,Shamrock Rovers,Shamrock Rovers,ucl;uel,ucl;uel,https://api.sofascore.com/api/v1/unique-tournament/679/season/10391/teams,Name/PM alias matched within Sofascore competition participants
Shelbourne FC,ucl;uel,147605;148224,,verified_competition,true,3174,Shelbourne,Shelbourne,ucl;uel,,https://api.sofascore.com/api/v1/unique-tournament/679/season/76984/teams,Name/PM alias matched within Sofascore competition participants
Shirak FA,uel,147871,,verified_competition,true,33817,FC Shirak Gyumri,FC Shirak Gyumri,uel,,https://api.sofascore.com/api/v1/unique-tournament/679/season/10391/teams,Name/PM alias matched within Sofascore competition participants
Sierra Leone,fifa-friendly,115020,,verified_competition,true,4737,Sierra Leone,Sierra Leone,fifa-friendly,fifa-friendly,https://api.sofascore.com/api/v1/unique-tournament/851/season/35187/teams,Name/PM alias matched within Sofascore competition participants
Silkeborg IF,uel,148195,,verified_competition,true,1285,Silkeborg IF,Silkeborg IF,uel,,https://api.sofascore.com/api/v1/unique-tournament/679/season/44509/teams,Name/PM alias matched within Sofascore competition participants
Sincan Belediyesi Ankaraspor,uel,147961,,verified_competition,true,3057,Ankaraspor,Ankaraspor,uel,,https://api.sofascore.com/api/v1/unique-tournament/679/season/11774/teams,Reviewed name variant + API identity
Singapore,fifa-friendly,115021,,verified_competition,true,4738,Singapore,Singapore,fifa-friendly,fifa-friendly,https://api.sofascore.com/api/v1/unique-tournament/851/season/35187/teams,Name/PM alias matched within Sofascore competition participants
Sint Maarten,fifa-friendly,115052,,verified_competition,true,298263,Sint Maarten,Sint Maarten,fifa-friendly,fifa-friendly,https://api.sofascore.com/api/v1/unique-tournament/851/season/57198/teams,Name/PM alias matched within Sofascore competition participants
Sirens FC,uel,148170,,verified_competition,true,80811,Sirens FC,Sirens FC,uel,,https://api.sofascore.com/api/v1/unique-tournament/679/season/29343/teams,Name/PM alias matched within Sofascore competition participants
Sivasspor,uel,148179,,verified_competition,true,3076,Sivasspor,Sivasspor,uel,,https://api.sofascore.com/api/v1/unique-tournament/679/season/2155/teams,Name/PM alias matched within Sofascore competition participants
SK Brann,ucl;uel,147552;148036,Brann,verified_competition,true,1159,SK Brann,SK Brann,ucl;uel,,https://api.sofascore.com/api/v1/unique-tournament/679/season/13416/teams,Name/PM alias matched within Sofascore competition participants
SK Chikhura Sachkhere,uel,147927,,verified_competition,true,37296,Chikhura Sachkhere,Chikhura Sachkhere,uel,,https://api.sofascore.com/api/v1/unique-tournament/679/season/11774/teams,Name/PM alias matched within Sofascore competition participants
SK Dila Gori,ucl;uel,147358;147644,,verified_competition,true,33819,FC Dila Gori,FC Dila Gori,ucl;uel,,https://api.sofascore.com/api/v1/unique-tournament/679/season/11774/teams,Name/PM alias matched within Sofascore competition participants
SK Dinamo Batumi,ucl;uel,147444;147756,,verified_competition,true,37297,Dinamo Batumi,Dinamo Batumi,ucl;uel,,https://api.sofascore.com/api/v1/unique-tournament/679/season/10391/teams,Name/PM alias matched within Sofascore competition participants
SK Dinamo Tbilisi,ucl;uel,147446;147758,,verified_competition,true,5171,Dinamo Tbilisi,Dinamo Tbilisi,ucl;uel,,https://api.sofascore.com/api/v1/unique-tournament/679/season/10391/teams,Name/PM alias matched within Sofascore competition participants
SK Dnipro-1,ucl;uel,147589;148194,,verified_competition,true,258537,SC Dnipro-1,SC Dnipro-1,ucl;uel,,https://api.sofascore.com/api/v1/unique-tournament/679/season/44509/teams,Name/PM alias matched within Sofascore competition participants
SK Iberia 1999,ucl;uel,147569;148104,,verified_competition,true,116312,FC Iberia 1999,FC Iberia 1999,ucl;uel,ucl;uel,https://api.sofascore.com/api/v1/unique-tournament/679/season/23755/teams,Name/PM alias matched within Sofascore competition participants
SK Lokomotivi Tbilisi,uel,148147,,verified_competition,true,5170,FC Locomotive Tbilisi,FC Locomotive Tbilisi,uel,,https://api.sofascore.com/api/v1/unique-tournament/679/season/29343/teams,Name/PM alias matched within Sofascore competition participants
SK Puntigamer Sturm Graz,ucl;uel,147499;147874,Sturm Graz,verified_competition,true,2051,SK Sturm Graz,SK Sturm Graz,ucl;uel,ucl;uel,https://api.sofascore.com/api/v1/unique-tournament/679/season/10391/teams,Name/PM alias matched within Sofascore competition participants
SK Rapid Wien,ucl;uel,147406;147690,,verified_competition,true,2055,SK Rapid Wien,SK Rapid Wien,ucl;uel,,https://api.sofascore.com/api/v1/unique-tournament/679/season/10391/teams,Name/PM alias matched within Sofascore competition participants
SK Samtredia,ucl;uel,147521;147930,,verified_competition,true,36866,FC Samtredia,FC Samtredia,ucl;uel,,https://api.sofascore.com/api/v1/unique-tournament/679/season/11774/teams,Name/PM alias matched within Sofascore competition participants
SK Sigma Olomouc,uel,148097,,verified_competition,true,2207,SK Sigma Olomouc,SK Sigma Olomouc,uel,,https://api.sofascore.com/api/v1/unique-tournament/679/season/17352/teams,Name/PM alias matched within Sofascore competition participants
SK Slavia Praha,ucl;uel,147537;147975,Slavia Praha,verified_competition,true,2216,SK Slavia Praha,SK Slavia Praha,ucl;uel,ucl,https://api.sofascore.com/api/v1/unique-tournament/679/season/11774/teams,Name/PM alias matched within Sofascore competition participants
SK Torpedo Kutaisi,ucl;uel,147544;148006,,verified_competition,true,5419,FC Torpedo Kutaisi,FC Torpedo Kutaisi,ucl;uel,,https://api.sofascore.com/api/v1/unique-tournament/679/season/13416/teams,Name/PM alias matched within Sofascore competition participants
SK Tskhinvali,uel,147773,,verified_competition,true,36867,FK Tskhinvali,FK Tskhinvali,uel,,https://api.sofascore.com/api/v1/unique-tournament/679/season/10391/teams,Name/PM alias matched within Sofascore competition participants
Skonto FC Rīga,uel,147875,,verified_competition,true,5213,Skonto Riga,Skonto Riga,uel,,https://api.sofascore.com/api/v1/unique-tournament/679/season/10391/teams,Name/PM alias matched within Sofascore competition participants
Slovakia,fifa-friendly,114858,,verified_competition,true,4697,Slovakia,Slovakia,fifa-friendly,fifa-friendly,https://api.sofascore.com/api/v1/unique-tournament/851/season/35187/teams,Name/PM alias matched within Sofascore competition participants
Slovenia,fifa-friendly,114927,,verified_competition,true,4484,Slovenia,Slovenia,fifa-friendly,fifa-friendly,https://api.sofascore.com/api/v1/unique-tournament/851/season/35187/teams,Name/PM alias matched within Sofascore competition participants
Solomon Islands,fifa-friendly,115022,,verified_competition,true,23471,Solomon Islands,Solomon Islands,fifa-friendly,,https://api.sofascore.com/api/v1/unique-tournament/851/season/40241/teams,Name/PM alias matched within Sofascore competition participants
Somalia,fifa-friendly,115023,,verified_competition,true,23472,Somalia,Somalia,fifa-friendly,,https://api.sofascore.com/api/v1/unique-tournament/851/season/47776/teams,Name/PM alias matched within Sofascore competition participants
South Africa,fifa-friendly,114894,,verified_competition,true,4736,South Africa,South Africa,fifa-friendly,fifa-friendly,https://api.sofascore.com/api/v1/unique-tournament/851/season/35187/teams,Name/PM alias matched within Sofascore competition participants
South Sudan,fifa-friendly,115024,,verified_competition,true,88508,South Sudan,South Sudan,fifa-friendly,,https://api.sofascore.com/api/v1/unique-tournament/851/season/35187/teams,Name/PM alias matched within Sofascore competition participants
Southampton FC,epl;uel,100012;147614,Southampton,verified_competition,true,45,Southampton,Southampton,epl;uel,,https://api.sofascore.com/api/v1/unique-tournament/17/season/37036/teams,Name/PM alias matched within Sofascore competition participants
SP La Fiorita,ucl;uel,147500;147876,,verified_competition,true,37860,La Fiorita,La Fiorita,ucl;uel,,https://api.sofascore.com/api/v1/search/all?q=SP+La+Fiorita&page=0,Reviewed name variant + API identity
SP Tre Penne,ucl;uel,147517;147916,,verified_competition,true,37862,SP Tre Penne,SP Tre Penne,ucl;uel,,https://api.sofascore.com/api/v1/unique-tournament/679/season/13416/teams,Name/PM alias matched within Sofascore competition participants
Spain,fifa-friendly,114859,,verified_competition,true,4698,Spain,Spain,fifa-friendly,fifa-friendly,https://api.sofascore.com/api/v1/unique-tournament/851/season/35187/teams,Name/PM alias matched within Sofascore competition participants
Sport Lisboa e Benfica,ucl;uel,147407;147691,Benfica,verified_competition,true,3006,Benfica,Benfica,ucl;uel,uel,https://api.sofascore.com/api/v1/unique-tournament/679/season/17352/teams,Name/PM alias matched within Sofascore competition participants
Sporting CP,ucl;uel,147408;147692,,verified_competition,true,3001,Sporting CP,Sporting CP,ucl;uel,ucl,https://api.sofascore.com/api/v1/unique-tournament/679/season/10391/teams,Name/PM alias matched within Sofascore competition participants
Sporting du Pays de Charleroi,uel,147878,,verified_competition,true,2898,RC Sporting Charleroi,RC Sporting Charleroi,uel,,https://api.sofascore.com/api/v1/unique-tournament/679/season/10391/teams,Reviewed name variant + API identity
Sporting Kansas City,mls,115072,Sporting KC,verified_competition,true,2509,Sporting Kansas City,Sporting Kansas City,mls,mls,https://api.sofascore.com/api/v1/unique-tournament/242/season/35964/teams,Name/PM alias matched within Sofascore competition participants
Sri Lanka,fifa-friendly,115025,,verified_competition,true,23487,Sri Lanka,Sri Lanka,fifa-friendly,fifa-friendly,https://api.sofascore.com/api/v1/unique-tournament/851/season/35187/teams,Name/PM alias matched within Sofascore competition participants
SS Folgore/Falciano,ucl;uel,147410;147694,,verified_competition,true,37863,SS Folgore / Falciano,SS Folgore / Falciano,ucl;uel,,https://api.sofascore.com/api/v1/unique-tournament/679/season/11774/teams,Name/PM alias matched within Sofascore competition participants
SS Lazio,sea;ucl;uel,101125;147411;147695,Lazio,verified_competition,true,2699,Lazio,Lazio,sea;ucl;uel,sea,https://api.sofascore.com/api/v1/unique-tournament/23/season/37475/teams,Name/PM alias matched within Sofascore competition participants
SSC Napoli,sea;ucl;uel,101114;147424;147715,Napoli,verified_competition,true,2714,SSC Napoli,SSC Napoli,sea;ucl;uel,sea;ucl,https://api.sofascore.com/api/v1/unique-tournament/23/season/37475/teams,Name/PM alias matched within Sofascore competition participants
St Johnstone FC,uel,147879,,verified_competition,true,2348,St. Johnstone,St. Johnstone,uel,,https://api.sofascore.com/api/v1/unique-tournament/679/season/10391/teams,Name/PM alias matched within Sofascore competition participants
St Joseph's FC,uel,148038,,verified_competition,true,126312,St Joseph's FC,St Joseph's FC,uel,,https://api.sofascore.com/api/v1/unique-tournament/679/season/13416/teams,Name/PM alias matched within Sofascore competition participants
St Patrick's Athletic FC,uel,147867,,verified_competition,true,3169,St. Patrick's Athletic,St. Patrick's Athletic,uel,,https://api.sofascore.com/api/v1/unique-tournament/679/season/10391/teams,Name/PM alias matched within Sofascore competition participants
St. Kitts and Nevis,fifa-friendly,115026,,verified_competition,true,21819,Saint Kitts and Nevis,Saint Kitts and Nevis,fifa-friendly,,https://api.sofascore.com/api/v1/unique-tournament/851/season/40241/teams,Name/PM alias matched within Sofascore competition participants
St. Louis City SC,mls,115083,St. Louis,verified_competition,true,407803,St.Louis City,St.Louis City,mls,mls,https://api.sofascore.com/api/v1/unique-tournament/242/season/47955/teams,Name/PM alias matched within Sofascore competition participants
St. Lucia,fifa-friendly,115027,,verified_competition,true,21820,Saint Lucia,Saint Lucia,fifa-friendly,,https://api.sofascore.com/api/v1/search/all?q=St.+Lucia&page=0,Reviewed name variant + API identity
St. Vincent and the Grenadines,fifa-friendly,115028,,verified_competition,true,21821,Saint Vincent and the Grenadines,Saint Vincent and the Grenadines,fifa-friendly,fifa-friendly,https://api.sofascore.com/api/v1/search/all?q=St.+Vincent+and+the+Grenadines&page=0,Reviewed name variant + API identity
Stabæk Fotball,uel,147976,,verified_competition,true,1162,Stabæk Fotball,Stabæk Fotball,uel,,https://api.sofascore.com/api/v1/unique-tournament/679/season/11774/teams,Name/PM alias matched within Sofascore competition participants
Stade Brestois 29,ligue-1;ucl,114304;147574,Brest,verified_competition,true,1715,Stade Brestois,Stade Brestois,ligue-1;ucl,ligue-1,https://api.sofascore.com/api/v1/unique-tournament/34/season/37167/teams,Name/PM alias matched within Sofascore competition participants
Stade de Reims,uel,147898,,verified_competition,true,1682,Stade de Reims,Stade de Reims,uel,,https://api.sofascore.com/api/v1/unique-tournament/679/season/29343/teams,Name/PM alias matched within Sofascore competition participants
Stade Rennais FC 1901,ligue-1;ucl;uel,114317;147509;147900,Rennes,verified_competition,true,1658,Stade Rennais,Stade Rennais,ligue-1;ucl;uel,ligue-1;uel,https://api.sofascore.com/api/v1/unique-tournament/34/season/37167/teams,Name/PM alias matched within Sofascore competition participants
Strømsgodset IF,uel,147880,,verified_competition,true,1163,Strømsgodset,Strømsgodset,uel,,https://api.sofascore.com/api/v1/unique-tournament/679/season/10391/teams,Name/PM alias matched within Sofascore competition participants
Sudan,fifa-friendly,115029,,verified_competition,true,4734,Sudan,Sudan,fifa-friendly,fifa-friendly,https://api.sofascore.com/api/v1/unique-tournament/851/season/35187/teams,Name/PM alias matched within Sofascore competition participants
Sumqayıt FK,uel,148151,,verified_competition,true,44497,Sumqayıt FK,Sumqayıt FK,uel,,https://api.sofascore.com/api/v1/unique-tournament/679/season/29343/teams,Name/PM alias matched within Sofascore competition participants
Sunderland AFC,epl;uel,114263;3288539,Sunderland,verified_competition,true,41,Sunderland,Sunderland,epl;uel,epl;uel,https://api.sofascore.com/api/v1/unique-tournament/17/season/76986/events/last/0,Name/PM alias matched within Sofascore competition participants
Suriname,fifa-friendly,115030,,verified_competition,true,21822,Suriname,Suriname,fifa-friendly,,https://api.sofascore.com/api/v1/unique-tournament/851/season/40241/teams,Name/PM alias matched within Sofascore competition participants
SV 07 Elversberg,bundesliga,3285311,,verified_competition,true,2598,SV 07 Elversberg,SV 07 Elversberg,bundesliga,bundesliga,https://api.sofascore.com/api/v1/unique-tournament/35/season/63516/teams,Name/PM alias matched within Sofascore competition participants
SV Werder Bremen,bundesliga,101140,Werder,verified_competition,true,2534,SV Werder Bremen,SV Werder Bremen,bundesliga,bundesliga,https://api.sofascore.com/api/v1/unique-tournament/35/season/42268/teams,Name/PM alias matched within Sofascore competition participants
SV Zulte-Waregem,uel,148039,,verified_competition,true,2933,SV Zulte Waregem,SV Zulte Waregem,uel,,https://api.sofascore.com/api/v1/unique-tournament/679/season/13416/teams,Name/PM alias matched within Sofascore competition participants
Sweden,fifa-friendly,114860,,verified_competition,true,4688,Sweden,Sweden,fifa-friendly,fifa-friendly,https://api.sofascore.com/api/v1/unique-tournament/851/season/35187/teams,Name/PM alias matched within Sofascore competition participants
Switzerland,fifa-friendly,114861,,verified_competition,true,4699,Switzerland,Switzerland,fifa-friendly,fifa-friendly,https://api.sofascore.com/api/v1/unique-tournament/851/season/35187/teams,Name/PM alias matched within Sofascore competition participants
Syria,fifa-friendly,115032,,verified_competition,true,4731,Syria,Syria,fifa-friendly,fifa-friendly,https://api.sofascore.com/api/v1/search/all?q=K%C3%8D&page=0,Name/PM alias matched within Sofascore competition participants
Syunik FA,uel,148021,,needs_review,false,423250,FC Syunik,,,,https://api.sofascore.com/api/v1/search/all?q=Syunik&page=0,FC Syunik exists (423250); do not substitute Pyunik. No checked UEL membership.
São Paulo FC,brazil-serie-a,119090,São Paulo,verified_competition,true,1981,São Paulo,São Paulo,brazil-serie-a,brazil-serie-a,https://api.sofascore.com/api/v1/unique-tournament/325/season/10173/teams,Name/PM alias matched within Sofascore competition participants
São Tomé e Príncipe,fifa-friendly,115018,,verified_competition,true,33813,São Tomé and Príncipe,São Tomé and Príncipe,fifa-friendly,fifa-friendly,https://api.sofascore.com/api/v1/search/all?q=S%C3%A3o+Tom%C3%A9+e+Pr%C3%ADncipe&page=0,Reviewed name variant + API identity
Sønderjyske Fodbold,uel,147977,,verified_competition,true,1295,Sønderjyske Fodbold,Sønderjyske Fodbold,uel,,https://api.sofascore.com/api/v1/unique-tournament/679/season/11774/teams,Name/PM alias matched within Sofascore competition participants
Səbail FK,uel,148118,,verified_competition,true,231384,Səbail FK,Səbail FK,uel,,https://api.sofascore.com/api/v1/unique-tournament/679/season/23755/teams,Name/PM alias matched within Sofascore competition participants
Tahiti,fifa-friendly,115033,,verified_competition,true,23477,Tahiti,Tahiti,fifa-friendly,,https://api.sofascore.com/api/v1/unique-tournament/851/season/47776/teams,Name/PM alias matched within Sofascore competition participants
Tajikistan,fifa-friendly,115034,,verified_competition,true,23488,Tajikistan,Tajikistan,fifa-friendly,fifa-friendly,https://api.sofascore.com/api/v1/unique-tournament/851/season/35187/teams,Name/PM alias matched within Sofascore competition participants
Tanzania,fifa-friendly,115035,,verified_competition,true,4835,Tanzania,Tanzania,fifa-friendly,fifa-friendly,https://api.sofascore.com/api/v1/unique-tournament/851/season/35187/teams,Name/PM alias matched within Sofascore competition participants
Thailand,fifa-friendly,115036,,verified_competition,true,4730,Thailand,Thailand,fifa-friendly,fifa-friendly,https://api.sofascore.com/api/v1/unique-tournament/851/season/35187/teams,Name/PM alias matched within Sofascore competition participants
The New Saints FC,ucl;uel,147412;147696,,verified_competition,true,4921,The New Saints,The New Saints,ucl;uel,ucl,https://api.sofascore.com/api/v1/unique-tournament/679/season/17352/teams,Name/PM alias matched within Sofascore competition participants
Tigres de la UANL,mex,115332,Tigres UANL,verified_competition,true,1940,Tigres UANL,Tigres UANL,mex,mex,https://api.sofascore.com/api/v1/unique-tournament/11620/season/10355/teams,Name/PM alias matched within Sofascore competition participants
Timor-Leste,fifa-friendly,115037,,verified_competition,true,23497,East Timor,East Timor,fifa-friendly,,https://api.sofascore.com/api/v1/search/all?q=Timor-Leste&page=0,Reviewed name variant + API identity
TJ Spartak Myjava,uel,147979,,verified_competition,true,37112,Spartak Myjava,Spartak Myjava,uel,,https://api.sofascore.com/api/v1/search/all?q=TJ+Spartak+Myjava&page=0,Reviewed name variant + API identity
Tobyl FK,ucl;uel,147561;148074,,verified_competition,true,5362,FC Tobyl,FC Tobyl,ucl;uel,,https://api.sofascore.com/api/v1/unique-tournament/679/season/17352/teams,Name/PM alias matched within Sofascore competition participants
Togo,fifa-friendly,114883,,verified_competition,true,4836,Togo,Togo,fifa-friendly,fifa-friendly,https://api.sofascore.com/api/v1/unique-tournament/851/season/35187/teams,Name/PM alias matched within Sofascore competition participants
Tonga,fifa-friendly,115038,,verified_national_identity,true,23474,Tonga,Tonga,,,https://api.sofascore.com/api/v1/search/all?q=Tonga&page=0,Reviewed name variant + API identity; no membership evidence in the six checked friendly seasons
Torino FC,sea;uel,101122;147716,Torino,verified_competition,true,2696,Torino,Torino,sea;uel,sea,https://api.sofascore.com/api/v1/unique-tournament/23/season/37475/teams,Name/PM alias matched within Sofascore competition participants
Toronto FC,mls,115073,Toronto,verified_competition,true,7080,Toronto FC,Toronto FC,mls,mls,https://api.sofascore.com/api/v1/unique-tournament/242/season/35964/teams,Name/PM alias matched within Sofascore competition participants
Tottenham Hotspur FC,epl;ucl;uel,100018;147333;147615,Spurs;Tottenham Hotspur,verified_competition,true,33,Tottenham Hotspur,Tottenham Hotspur,epl;ucl;uel,epl,https://api.sofascore.com/api/v1/unique-tournament/17/season/37036/teams,Name/PM alias matched within Sofascore competition participants
Toulouse FC,ligue-1;uel,114319;147901,Toulouse,verified_competition,true,1681,Toulouse,Toulouse,ligue-1;uel,ligue-1,https://api.sofascore.com/api/v1/unique-tournament/34/season/42273/teams,Name/PM alias matched within Sofascore competition participants
Trabzonspor,ucl;uel,147502;147882,,verified_competition,true,3051,Trabzonspor,Trabzonspor,ucl;uel,uel,https://api.sofascore.com/api/v1/unique-tournament/679/season/10391/teams,Name/PM alias matched within Sofascore competition participants
Tre Fiori FC,ucl;uel,147567;148098,,verified_competition,true,36195,SP Tre Fiori,SP Tre Fiori,ucl;uel,ucl,https://api.sofascore.com/api/v1/unique-tournament/679/season/17352/teams,Name/PM alias matched within Sofascore competition participants
Trinidad and Tobago,fifa-friendly,114870,,verified_competition,true,5162,Trinidad and Tobago,Trinidad and Tobago,fifa-friendly,fifa-friendly,https://api.sofascore.com/api/v1/unique-tournament/851/season/35187/teams,Name/PM alias matched within Sofascore competition participants
Tromsø IL,uel,3281879,,verified_competition,true,660,Tromsø IL,Tromsø IL,uel,uel,https://api.sofascore.com/api/v1/unique-tournament/679/season/2155/teams,Name/PM alias matched within Sofascore competition participants
TSG 1899 Hoffenheim,bundesliga;ucl;uel,101136;147340;147626,Hoffenheim,verified_competition,true,2569,TSG Hoffenheim,TSG Hoffenheim,bundesliga;ucl;uel,bundesliga;uel,https://api.sofascore.com/api/v1/unique-tournament/35/season/37166/teams,Name/PM alias matched within Sofascore competition participants
TSV Egger Glas Hartberg,uel,148184,,verified_competition,true,2075,TSV Hartberg,TSV Hartberg,uel,,https://api.sofascore.com/api/v1/unique-tournament/679/season/29343/teams,Reviewed name variant + API identity
Tunisia,fifa-friendly,114884,,verified_competition,true,4729,Tunisia,Tunisia,fifa-friendly,fifa-friendly,https://api.sofascore.com/api/v1/unique-tournament/851/season/35187/teams,Name/PM alias matched within Sofascore competition participants
Turkmenistan,fifa-friendly,115039,,verified_competition,true,4728,Turkmenistan,Turkmenistan,fifa-friendly,fifa-friendly,https://api.sofascore.com/api/v1/unique-tournament/851/season/40241/teams,Name/PM alias matched within Sofascore competition participants
Turks and Caicos Islands,fifa-friendly,115040,,verified_national_identity,true,21823,Turks and Caicos Islands,Turks and Caicos Islands,,,https://api.sofascore.com/api/v1/search/all?q=Turks+and+Caicos+Islands&page=0,Reviewed name variant + API identity; no membership evidence in the six checked friendly seasons
Tuvalu,fifa-friendly,115053,,verified_national_identity,true,287364,Tuvalu,Tuvalu,,,https://api.sofascore.com/api/v1/search/all?q=Tuvalu&page=0,Reviewed name variant + API identity; no membership evidence in the six checked friendly seasons
Türkiye,fifa-friendly,114862,,verified_competition,true,4700,Türkiye,Türkiye,fifa-friendly,fifa-friendly,https://api.sofascore.com/api/v1/unique-tournament/851/season/35187/teams,Name/PM alias matched within Sofascore competition participants
UC Sampdoria,uel,147717,,verified_competition,true,2711,Sampdoria,Sampdoria,uel,,https://api.sofascore.com/api/v1/search/all?q=UC+Sampdoria&page=0,Reviewed name variant + API identity
UD Las Palmas,la-liga,101032,Las Palmas,verified_competition,true,6577,UD Las Palmas,UD Las Palmas,la-liga,,https://api.sofascore.com/api/v1/unique-tournament/8/season/52376/teams,Name/PM alias matched within Sofascore competition participants
Udinese Calcio,sea,101115,Udinese,verified_competition,true,2695,Udinese,Udinese,sea,sea,https://api.sofascore.com/api/v1/unique-tournament/23/season/37475/teams,Name/PM alias matched within Sofascore competition participants
UE Engordany,uel,148099,,verified_competition,true,37948,UE Engordany,UE Engordany,uel,,https://api.sofascore.com/api/v1/unique-tournament/679/season/17352/teams,Name/PM alias matched within Sofascore competition participants
UE Sant Julià,uel,147883,,verified_competition,true,7607,UE Sant Julià,UE Sant Julià,uel,,https://api.sofascore.com/api/v1/unique-tournament/679/season/10391/teams,Name/PM alias matched within Sofascore competition participants
UE Santa Coloma,ucl;uel,147539;147981,,verified_competition,true,37949,UE Santa Coloma,UE Santa Coloma,ucl;uel,,https://api.sofascore.com/api/v1/unique-tournament/679/season/11774/teams,Name/PM alias matched within Sofascore competition participants
Uganda,fifa-friendly,114885,,verified_competition,true,4726,Uganda,Uganda,fifa-friendly,fifa-friendly,https://api.sofascore.com/api/v1/unique-tournament/851/season/35187/teams,Name/PM alias matched within Sofascore competition participants
Ukraine,fifa-friendly,114863,,verified_competition,true,4701,Ukraine,Ukraine,fifa-friendly,fifa-friendly,https://api.sofascore.com/api/v1/unique-tournament/851/season/35187/teams,Name/PM alias matched within Sofascore competition participants
Ulisses FC,uel,147884,,verified_competition,true,36058,FC Ulisses Yerevan,FC Ulisses Yerevan,uel,,https://api.sofascore.com/api/v1/unique-tournament/679/season/10391/teams,Name/PM alias matched within Sofascore competition participants
UMF Breiðablik,ucl;uel,147519;147920,,verified_competition,true,1901,Breidablik Kópavogur,Breidablik Kópavogur,ucl;uel,,https://api.sofascore.com/api/v1/unique-tournament/679/season/11774/teams,Name/PM alias matched within Sofascore competition participants
UMF Stjarnan,ucl;uel,147413;147697,,verified_competition,true,1912,Stjarnan Garðabær,Stjarnan Garðabær,ucl;uel,,https://api.sofascore.com/api/v1/unique-tournament/679/season/13416/teams,Name/PM alias matched within Sofascore competition participants
Union Titus Pétange,uel,148156,,verified_competition,true,5378,Union Titus Petange,Union Titus Petange,uel,,https://api.sofascore.com/api/v1/unique-tournament/679/season/29343/teams,Name/PM alias matched within Sofascore competition participants
United Arab Emirates,fifa-friendly,115041,,verified_competition,true,4727,United Arab Emirates,United Arab Emirates,fifa-friendly,fifa-friendly,https://api.sofascore.com/api/v1/unique-tournament/851/season/35187/teams,Name/PM alias matched within Sofascore competition participants
United States,fifa-friendly,114839,,verified_competition,true,4724,USA,USA,fifa-friendly,fifa-friendly,https://api.sofascore.com/api/v1/search/all?q=USA&page=0,Reviewed name variant + API identity
Universitatea Craiova CS,ucl;uel,3280496;147996,,verified_competition,true,116223,Universitatea Craiova,Universitatea Craiova,ucl;uel,ucl;uel,https://api.sofascore.com/api/v1/unique-tournament/679/season/13416/teams,Name/PM alias matched within Sofascore competition participants
University College Dublin FC,uel,147885,,verified_competition,true,3168,University College Dublin,University College Dublin,uel,,https://api.sofascore.com/api/v1/unique-tournament/679/season/10391/teams,Name/PM alias matched within Sofascore competition participants
Urartu FA,ucl;uel,147520;147926,,verified_competition,true,5225,Urartu,Urartu,ucl;uel,,https://api.sofascore.com/api/v1/unique-tournament/679/season/11774/teams,Name/PM alias matched within Sofascore competition participants
Uruguay,fifa-friendly,114840,,verified_competition,true,4725,Uruguay,Uruguay,fifa-friendly,fifa-friendly,https://api.sofascore.com/api/v1/unique-tournament/851/season/40241/teams,Name/PM alias matched within Sofascore competition participants
US Cremonese,sea,114299,Cremonese,verified_competition,true,2761,Cremonese,Cremonese,sea,,https://api.sofascore.com/api/v1/unique-tournament/23/season/42415/teams,Name/PM alias matched within Sofascore competition participants
US Lecce,sea,101118,Lecce,verified_competition,true,2689,Lecce,Lecce,sea,sea,https://api.sofascore.com/api/v1/unique-tournament/23/season/42415/teams,Name/PM alias matched within Sofascore competition participants
US Sassuolo Calcio,sea;uel,114301;147718,Sassuolo,verified_competition,true,2793,Sassuolo,Sassuolo,sea;uel,sea,https://api.sofascore.com/api/v1/unique-tournament/23/season/37475/teams,Name/PM alias matched within Sofascore competition participants
US Virgin Islands,fifa-friendly,115042,,verified_competition,true,21803,US Virgin Islands,US Virgin Islands,fifa-friendly,,https://api.sofascore.com/api/v1/unique-tournament/851/season/69578/teams,Name/PM alias matched within Sofascore competition participants
Uzbekistan,fifa-friendly,115043,,verified_competition,true,4723,Uzbekistan,Uzbekistan,fifa-friendly,fifa-friendly,https://api.sofascore.com/api/v1/unique-tournament/851/season/35187/teams,Name/PM alias matched within Sofascore competition participants
Vaasan PS,uel,147886,,verified_competition,true,2246,VPS,VPS,uel,,https://api.sofascore.com/api/v1/search/all?q=Vaasan+PS&page=0,Reviewed name variant + API identity
Valencia CF,la-liga;ucl;uel,101095;147414;147698,Valencia,verified_competition,true,2828,Valencia,Valencia,la-liga;ucl;uel,la-liga,https://api.sofascore.com/api/v1/unique-tournament/679/season/10391/teams,Name/PM alias matched within Sofascore competition participants
Valletta FC,ucl;uel,147504;147888,,verified_competition,true,5332,Valletta FC,Valletta FC,ucl;uel,,https://api.sofascore.com/api/v1/unique-tournament/679/season/10391/teams,Name/PM alias matched within Sofascore competition participants
Valmiera FC,ucl;uel,147587;148176,,verified_competition,true,5353,Valmiera FC,Valmiera FC,ucl;uel,,https://api.sofascore.com/api/v1/unique-tournament/679/season/29343/teams,Name/PM alias matched within Sofascore competition participants
Vancouver Whitecaps FC,mls,115074,Whitecaps,verified_competition,true,22010,Vancouver Whitecaps,Vancouver Whitecaps,mls,mls,https://api.sofascore.com/api/v1/unique-tournament/242/season/35964/teams,Name/PM alias matched within Sofascore competition participants
Vanuatu,fifa-friendly,115044,,verified_competition,true,8046,Vanuatu,Vanuatu,fifa-friendly,fifa-friendly,https://api.sofascore.com/api/v1/unique-tournament/851/season/40241/teams,Name/PM alias matched within Sofascore competition participants
Vasas FC,uel,148040,,verified_competition,true,1919,Vasas,Vasas,uel,,https://api.sofascore.com/api/v1/unique-tournament/679/season/13416/teams,Name/PM alias matched within Sofascore competition participants
Venezia FC,sea,101123,Venezia,verified_competition,true,2688,Venezia,Venezia,sea,sea,https://api.sofascore.com/api/v1/unique-tournament/23/season/37475/teams,Name/PM alias matched within Sofascore competition participants
Venezuela,fifa-friendly,114841,,verified_competition,true,4722,Venezuela,Venezuela,fifa-friendly,fifa-friendly,https://api.sofascore.com/api/v1/unique-tournament/851/season/40241/teams,Name/PM alias matched within Sofascore competition participants
VfB Stuttgart,bundesliga;ucl;uel,101133;147341;147627,Stuttgart,verified_competition,true,2677,VfB Stuttgart,VfB Stuttgart,bundesliga;ucl;uel,bundesliga;ucl,https://api.sofascore.com/api/v1/unique-tournament/35/season/37166/teams,Name/PM alias matched within Sofascore competition participants
VfL Bochum,bundesliga,101144,Bochum,verified_competition,true,2542,VfL Bochum 1848,VfL Bochum 1848,bundesliga,,https://api.sofascore.com/api/v1/unique-tournament/35/season/37166/teams,Name/PM alias matched within Sofascore competition participants
VfL Wolfsburg,bundesliga;ucl;uel,101131;147342;147628,Wolfsburg,verified_competition,true,2524,VfL Wolfsburg,VfL Wolfsburg,bundesliga;ucl;uel,,https://api.sofascore.com/api/v1/unique-tournament/35/season/37166/teams,Name/PM alias matched within Sofascore competition participants
Vietnam,fifa-friendly,115045,,verified_competition,true,7050,Vietnam,Vietnam,fifa-friendly,fifa-friendly,https://api.sofascore.com/api/v1/unique-tournament/851/season/35187/teams,Name/PM alias matched within Sofascore competition participants
Viking FK,ucl;uel,3285103;148187,,verified_competition,true,1164,Viking FK,Viking FK,ucl;uel,ucl,https://api.sofascore.com/api/v1/unique-tournament/679/season/29343/teams,Name/PM alias matched within Sofascore competition participants
Villarreal CF,la-liga;ucl;uel,101038;147418;147708,Villarreal,verified_competition,true,2819,Villarreal,Villarreal,la-liga;ucl;uel,la-liga;ucl,https://api.sofascore.com/api/v1/unique-tournament/679/season/10391/teams,Name/PM alias matched within Sofascore competition participants
Vitória SC,uel,147891,,verified_competition,true,3009,Vitória SC,Vitória SC,uel,,https://api.sofascore.com/api/v1/unique-tournament/679/season/10391/teams,Name/PM alias matched within Sofascore competition participants
Víkingur,ucl;uel,147506;147890,,needs_review,false,,,,,,https://api.sofascore.com/api/v1/search/all?q=V%C3%ADkingur&page=0,"Multiple senior clubs: Reykjavík, Gøta and Ólafsvík; requires country or fixture evidence."
Wales,fifa-friendly,114864,,verified_competition,true,4702,Wales,Wales,fifa-friendly,fifa-friendly,https://api.sofascore.com/api/v1/unique-tournament/851/season/35187/teams,Name/PM alias matched within Sofascore competition participants
West Ham United FC,epl;uel,100003;147616,West Ham,verified_competition,true,37,West Ham United,West Ham United,epl;uel,,https://api.sofascore.com/api/v1/unique-tournament/17/season/37036/teams,Name/PM alias matched within Sofascore competition participants
Willem II Tilburg,uel,147726,,verified_competition,true,2961,Willem II Tilburg,Willem II Tilburg,uel,,https://api.sofascore.com/api/v1/unique-tournament/679/season/29343/teams,Name/PM alias matched within Sofascore competition participants
Wisła Kraków,uel,148220,,verified_competition,true,3111,Wisła Kraków,Wisła Kraków,uel,,https://api.sofascore.com/api/v1/unique-tournament/679/season/2765/teams,Name/PM alias matched within Sofascore competition participants
WKS Śląsk Wrocław,uel,147892,,verified_competition,true,3108,Śląsk Wrocław,Śląsk Wrocław,uel,,https://api.sofascore.com/api/v1/search/all?q=WKS+%C5%9Al%C4%85sk+Wroc%C5%82aw&page=0,Reviewed name variant + API identity
Wolverhampton Wanderers FC,epl;uel,100001;148050,Wolves,verified_competition,true,3,Wolverhampton,Wolverhampton,epl;uel,,https://api.sofascore.com/api/v1/unique-tournament/17/season/37036/teams,Name/PM alias matched within Sofascore competition participants
Yellow-Red KV Mechelen,uel,148119,,needs_review,false,5044,KV Mechelen,,,,https://api.sofascore.com/api/v1/search/all?q=Yellow-Red+KV+Mechelen&page=0,"Identity found, but no membership in the checked seasons of its PM-listed leagues; review scope."
Yemen,fifa-friendly,115046,,verified_competition,true,4721,Yemen,Yemen,fifa-friendly,,https://api.sofascore.com/api/v1/unique-tournament/851/season/57198/teams,Name/PM alias matched within Sofascore competition participants
Yeni Malatyaspor,uel,148128,,verified_competition,true,24759,Yeni Malatyaspor,Yeni Malatyaspor,uel,,https://api.sofascore.com/api/v1/unique-tournament/679/season/23755/teams,Name/PM alias matched within Sofascore competition participants
Zambia,fifa-friendly,114895,,verified_competition,true,4720,Zambia,Zambia,fifa-friendly,fifa-friendly,https://api.sofascore.com/api/v1/unique-tournament/851/season/35187/teams,Name/PM alias matched within Sofascore competition participants
Zanzibar,fifa-friendly,115054,,verified_competition,true,274048,Zanzibar,Zanzibar,fifa-friendly,fifa-friendly,https://api.sofascore.com/api/v1/unique-tournament/851/season/69578/teams,Name/PM alias matched within Sofascore competition participants
Zimbabwe,fifa-friendly,114886,,verified_competition,true,4719,Zimbabwe,Zimbabwe,fifa-friendly,fifa-friendly,https://api.sofascore.com/api/v1/unique-tournament/851/season/57198/teams,Name/PM alias matched within Sofascore competition participants
Zirə FK,uel,148041,,verified_competition,true,173406,Zirə FK,Zirə FK,uel,,https://api.sofascore.com/api/v1/unique-tournament/679/season/13416/teams,Name/PM alias matched within Sofascore competition participants
Áris Lemesoú,ucl;uel,147592;148201,,verified_competition,true,3397,Aris Limassol,Aris Limassol,ucl;uel,,https://api.sofascore.com/api/v1/unique-tournament/679/season/53654/teams,Reviewed name variant + API identity
ÍB Vestmannaeyja,uel,148079,,verified_competition,true,1895,ÍBV Vestmannaeyjar,ÍBV Vestmannaeyjar,uel,,https://api.sofascore.com/api/v1/search/all?q=%C3%8DB+Vestmannaeyja&page=0,Reviewed name variant + API identity
ÍF Vestri,uel,3280522,,verified_competition,true,221305,IF Vestri,IF Vestri,uel,uel,https://api.sofascore.com/api/v1/unique-tournament/679/season/96522/teams,Name/PM alias matched within Sofascore competition participants
Östersunds FK,uel,148029,,verified_competition,true,1836,Östersunds FK,Östersunds FK,uel,,https://api.sofascore.com/api/v1/unique-tournament/679/season/13416/teams,Name/PM alias matched within Sofascore competition participants
Újpest FC,uel,148100,,verified_competition,true,1924,Újpest,Újpest,uel,,https://api.sofascore.com/api/v1/unique-tournament/679/season/17352/teams,Name/PM alias matched within Sofascore competition participants
Ħamrun Spartans FC,ucl;uel,147588;148190,,verified_competition,true,33583,Ħamrun Spartans FC,Ħamrun Spartans FC,ucl;uel,,https://api.sofascore.com/api/v1/unique-tournament/679/season/76984/teams,Name/PM alias matched within Sofascore competition participants
Şamaxı FK,uel,147824,,verified_competition,true,24036,Şamaxı FK,Şamaxı FK,uel,,https://api.sofascore.com/api/v1/unique-tournament/679/season/10391/teams,Name/PM alias matched within Sofascore competition participants
ŠK Slovan Bratislava,ucl;uel,147497;147872,,verified_competition,true,2404,ŠK Slovan Bratislava,ŠK Slovan Bratislava,ucl;uel,ucl,https://api.sofascore.com/api/v1/unique-tournament/679/season/10391/teams,Name/PM alias matched within Sofascore competition participants
